Tweets,Case_Folding,Data_Cleaning,without_stopwords,Tokenizing,tweet_normalized,stemmed
2 nasi padang lauk ayam sama sayur + es teh cuman 15k üò≠ shopeefood aku padamuuu huhuhuu,2 nasi padang lauk ayam sama sayur + es teh cuman 15k üò≠ shopeefood aku padamuuu huhuhuu,nasi padang lauk ayam sama sayur es teh cuman k shopeefood aku padamuuu huhuhuu,nasi padang lauk ayam sayur es teh cuman k shopeefood padamuuu huhuhuu,"['nasi', 'padang', 'lauk', 'ayam', 'sayur', 'es', 'teh', 'cuman', 'k', 'shopeefood', 'padamuuu', 'huhuhuu']",nasi padang lauk ayam sayur es teh hanya k shopeefood padamuuu huhuhuu,"['nasi', 'padang', 'lauk', 'ayam', 'sayur', 'es', 'teh', 'hanya', 'k', 'shopeefood', 'padamuuu', 'huhuhuu']"
@Mundur41149832 shopeefood klau ngakpunya shopepay gabisa dapet voucernya kan?,@mundur41149832 shopeefood klau ngakpunya shopepay gabisa dapet voucernya kan?,shopeefood klau ngakpunya shopepay gabisa dapet voucernya kan,shopeefood ngakpunya shopepay gabisa dapet voucernya,"['shopeefood', 'ngakpunya', 'shopepay', 'gabisa', 'dapet', 'voucernya']",shopeefood tidak punya shopepay tidak bisa dapat voucernya,"['shopeefood', 'tidak', 'punya', 'shopepay', 'tidak', 'bisa', 'dapat', 'voucernya']"
"Spaghetti Aglio E Olio biasa? bukan! spaghetti masakane simbah sing iki dimasak pake bumbu Roa, cocok nggo ilat indonesia,  dijamin nampolll

Ada di warung mbah sambat. Bisa dine in/take away. Bisa juga pesen lewat GoFood/ShopeeFood. https://t.co/z4FOgTK66V","spaghetti aglio e olio biasa? bukan! spaghetti masakane simbah sing iki dimasak pake bumbu roa, cocok nggo ilat indonesia,  dijamin nampolll

ada di warung mbah sambat. bisa dine in/take away. bisa juga pesen lewat gofood/shopeefood. https://t.co/z4fogtk66v",spaghetti aglio e olio biasa bukan spaghetti masakane simbah sing iki dimasak pake bumbu roa cocok nggo ilat indonesia dijamin nampolll ada di warung mbah sambat bisa dine intake away bisa juga pesen lewat gofoodshopeefood,spaghetti aglio e olio spaghetti masakane simbah sing iki dimasak pake bumbu roa cocok nggo ilat indonesia dijamin nampolll warung mbah sambat dine intake away pesen gofoodshopeefood,"['spaghetti', 'aglio', 'e', 'olio', 'spaghetti', 'masakane', 'simbah', 'sing', 'iki', 'dimasak', 'pake', 'bumbu', 'roa', 'cocok', 'nggo', 'ilat', 'indonesia', 'dijamin', 'nampolll', 'warung', 'mbah', 'sambat', 'dine', 'intake', 'away', 'pesen', 'gofoodshopeefood']",spaghetti aglio e olio spaghetti masakane simbah sing iki dimasak pake bumbu roa cocok nggo ilat indonesia dijamin nampolll warung mbah sambat dine intake away pesan gofoodshopeefood,"['spaghetti', 'aglio', 'e', 'olio', 'spaghetti', 'masakane', 'simbah', 'sing', 'iki', 'masak', 'pake', 'bumbu', 'roa', 'cocok', 'nggo', 'ilat', 'indonesia', 'jamin', 'nampolll', 'warung', 'mbah', 'sambat', 'dine', 'intake', 'away', 'pesan', 'gofoodshopeefood']"
"Ngakak + malu banget, masa pesen shopeefood kirimnya ke titik yang jelas jelas udah tutup cabang nya wkwk","ngakak + malu banget, masa pesen shopeefood kirimnya ke titik yang jelas jelas udah tutup cabang nya wkwk",ngakak malu banget masa pesen shopeefood kirimnya ke titik yang jelas jelas udah tutup cabang nya wkwk,ngakak malu banget pesen shopeefood kirimnya titik udah tutup cabang wkwk,"['ngakak', 'malu', 'banget', 'pesen', 'shopeefood', 'kirimnya', 'titik', 'udah', 'tutup', 'cabang', 'wkwk']",tertawa malu banget pesan shopeefood kirimnya titik udah tutup cabang tertawa,"['tertawa', 'malu', 'banget', 'pesan', 'shopeefood', 'kirim', 'titik', 'udah', 'tutup', 'cabang', 'tertawa']"
"barangkali ada yg tinggal di sekitar daerah pasar rumput manggarai jaksel, boleh diorder ayam bakar mamaku, available on grabfood, gofood, dan shopeefood :D keywordnya Ayam Bakar Mak Tuo Pasar rumput, makan ditempat pun bisa, lokasinya di gedung pasar rumput lt. 3 ruko 20","barangkali ada yg tinggal di sekitar daerah pasar rumput manggarai jaksel, boleh diorder ayam bakar mamaku, available on grabfood, gofood, dan shopeefood :d keywordnya ayam bakar mak tuo pasar rumput, makan ditempat pun bisa, lokasinya di gedung pasar rumput lt. 3 ruko 20",barangkali ada yg tinggal di sekitar daerah pasar rumput manggarai jaksel boleh diorder ayam bakar mamaku available on grabfood gofood dan shopeefood d keywordnya ayam bakar mak tuo pasar rumput makan ditempat pun bisa lokasinya di gedung pasar rumput lt ruko,barangkali tinggal daerah pasar rumput manggarai jaksel diorder ayam bakar mamaku available on grabfood gofood shopeefood keywordnya ayam bakar mak tuo pasar rumput makan ditempat lokasinya gedung pasar rumput lt ruko,"['barangkali', 'tinggal', 'daerah', 'pasar', 'rumput', 'manggarai', 'jaksel', 'diorder', 'ayam', 'bakar', 'mamaku', 'available', 'on', 'grabfood', 'gofood', 'shopeefood', 'keywordnya', 'ayam', 'bakar', 'mak', 'tuo', 'pasar', 'rumput', 'makan', 'ditempat', 'lokasinya', 'gedung', 'pasar', 'rumput', 'lt', 'ruko']",barangkali tinggal daerah pasar rumput manggarai jaksel diorder ayam bakar mamaku available on grabfood gofood shopeefood keywordnya ayam bakar mak tuo pasar rumput makan ditempat lokasinya gedung pasar rumput lantai ruko,"['barangkali', 'tinggal', 'daerah', 'pasar', 'rumput', 'manggarai', 'jaksel', 'order', 'ayam', 'bakar', 'mama', 'available', 'on', 'grabfood', 'gofood', 'shopeefood', 'keywordnya', 'ayam', 'bakar', 'mak', 'tuo', 'pasar', 'rumput', 'makan', 'tempat', 'lokasi', 'gedung', 'pasar', 'rumput', 'lantai', 'ruko']"
Shopeefood adalah penyelamat hidup,shopeefood adalah penyelamat hidup,shopeefood adalah penyelamat hidup,shopeefood penyelamat hidup,"['shopeefood', 'penyelamat', 'hidup']",shopeefood penyelamat hidup,"['shopeefood', 'selamat', 'hidup']"
Baru kali ini deh beli makanan lewat shopeefood zonk. Pesen apa yg dateng apa üòÇ,baru kali ini deh beli makanan lewat shopeefood zonk. pesen apa yg dateng apa üòÇ,baru kali ini deh beli makanan lewat shopeefood zonk pesen apa yg dateng apa,kali deh beli makanan shopeefood zonk pesen dateng,"['kali', 'deh', 'beli', 'makanan', 'shopeefood', 'zonk', 'pesen', 'dateng']",kali deh beli makanan shopeefood gagal pesan datang,"['kali', 'deh', 'beli', 'makan', 'shopeefood', 'gagal', 'pesan', 'datang']"
"Hallo @shopeefood_id bgmn sistemnya nih? Masak saya blm terima orderan saya tp di aplikasi dibilang sdh complete dan diminta ratingnya?
Mau saya kasih rating 0 tp gak bisa ...","hallo @shopeefood_id bgmn sistemnya nih? masak saya blm terima orderan saya tp di aplikasi dibilang sdh complete dan diminta ratingnya?
mau saya kasih rating 0 tp gak bisa ...",hallo id bgmn sistemnya nih masak saya blm terima orderan saya tp di aplikasi dibilang sdh complete dan diminta ratingnya mau saya kasih rating tp gak bisa,hallo id bgmn sistemnya masak blm terima orderan tp aplikasi dibilang complete ratingnya kasih rating tp,"['hallo', 'id', 'bgmn', 'sistemnya', 'masak', 'blm', 'terima', 'orderan', 'tp', 'aplikasi', 'dibilang', 'complete', 'ratingnya', 'kasih', 'rating', 'tp']",hallo id bagaimana sistemnya masak belum terima orderan tapi aplikasi dibilang complete ratingnya kasih rating tapi,"['hallo', 'id', 'bagaimana', 'sistem', 'masak', 'belum', 'terima', 'order', 'tapi', 'aplikasi', 'bilang', 'complete', 'ratingnya', 'kasih', 'rating', 'tapi']"
Terbaik gila Shopeefood ni. Murah pun murah. Ngam ngam aku malas masak harini,terbaik gila shopeefood ni. murah pun murah. ngam ngam aku malas masak harini,terbaik gila shopeefood ni murah pun murah ngam ngam aku malas masak harini,terbaik gila shopeefood ni murah murah ngam ngam malas masak harini,"['terbaik', 'gila', 'shopeefood', 'ni', 'murah', 'murah', 'ngam', 'ngam', 'malas', 'masak', 'harini']",terbaik gila shopeefood ini murah murah ngam ngam malas masak harini,"['baik', 'gila', 'shopeefood', 'ini', 'murah', 'murah', 'ngam', 'ngam', 'malas', 'masak', 'harini']"
"tadii ketemu abang shopeefood ganteng bgt huhuu, pen gebet rasanya :)","tadii ketemu abang shopeefood ganteng bgt huhuu, pen gebet rasanya :)",tadii ketemu abang shopeefood ganteng bgt huhuu pen gebet rasanya,tadii ketemu abang shopeefood ganteng bgt huhuu gebet,"['tadii', 'ketemu', 'abang', 'shopeefood', 'ganteng', 'bgt', 'huhuu', 'gebet']",tadii ketemu abang shopeefood ganteng bgt huhuu gebet,"['tadi', 'ketemu', 'abang', 'shopeefood', 'ganteng', 'bgt', 'huhuu', 'gebet']"
Boleh order dengan ShopeeFood dan Grabfood. Order skunk!!! https://t.co/7Jrd2QynLt,boleh order dengan shopeefood dan grabfood. order skunk!!! https://t.co/7jrd2qynlt,boleh order dengan shopeefood dan grabfood order skunk,order shopeefood grabfood order skunk,"['order', 'shopeefood', 'grabfood', 'order', 'skunk']",order shopeefood grabfood order skunk,"['order', 'shopeefood', 'grabfood', 'order', 'skunk']"
Mari ngecek ada grabfood/shopeefood apa yg enak di cikini~,mari ngecek ada grabfood/shopeefood apa yg enak di cikini~,mari ngecek ada grabfoodshopeefood apa yg enak di cikini,mari ngecek grabfoodshopeefood enak cikini,"['mari', 'ngecek', 'grabfoodshopeefood', 'enak', 'cikini']",mari ngecek grabfoodshopeefood enak cikini,"['mari', 'ngecek', 'grabfoodshopeefood', 'enak', 'cikini']"
"JUST HAD APA YA SEMALEM BUT SOKLATTTTTTTTTT still prefer the hot one kemaren coba icednya agak gimana ya, kaya ada lotus lotusnya gitu apa gw cuma kebayang cheesecake lotus I found on shopeefood üßç https://t.co/DYMjWS5Isd","just had apa ya semalem but soklatttttttttt still prefer the hot one kemaren coba icednya agak gimana ya, kaya ada lotus lotusnya gitu apa gw cuma kebayang cheesecake lotus i found on shopeefood üßç https://t.co/dymjws5isd",just had apa ya semalem but soklatttttttttt still prefer the hot one kemaren coba icednya agak gimana ya kaya ada lotus lotusnya gitu apa gw cuma kebayang cheesecake lotus i found on shopeefood,just had semalem but soklatttttttttt still prefer the hot one kemaren coba icednya gimana kaya lotus lotusnya gitu gw kebayang cheesecake lotus i found on shopeefood,"['just', 'had', 'semalem', 'but', 'soklatttttttttt', 'still', 'prefer', 'the', 'hot', 'one', 'kemaren', 'coba', 'icednya', 'gimana', 'kaya', 'lotus', 'lotusnya', 'gitu', 'gw', 'kebayang', 'cheesecake', 'lotus', 'i', 'found', 'on', 'shopeefood']",just had semalem but soklatttttttttt still prefer the hot one kemaren coba icednya gimana kaya lotus lotusnya gitu saya kebayang cheesecake lotus i found on shopeefood,"['just', 'had', 'semalem', 'but', 'soklatttttttttt', 'still', 'prefer', 'the', 'hot', 'one', 'kemaren', 'coba', 'icednya', 'gimana', 'kaya', 'lotus', 'lotus', 'gitu', 'saya', 'bayang', 'cheesecake', 'lotus', 'i', 'found', 'on', 'shopeefood']"
@ShopeeCare si @gojekindonesia bisa menyelesaikan masalah dalam 2 jam (makanan dikirim lagi dengan extra menu dan refund dari pihak gojek nya juga) knapa shopeefood sampe seminggu ya? Tidak sebaik dan secepat gojek pelayanan nya. Ditambah cs shopee hanya copas copas text saja.,@shopeecare si @gojekindonesia bisa menyelesaikan masalah dalam 2 jam (makanan dikirim lagi dengan extra menu dan refund dari pihak gojek nya juga) knapa shopeefood sampe seminggu ya? tidak sebaik dan secepat gojek pelayanan nya. ditambah cs shopee hanya copas copas text saja.,si bisa menyelesaikan masalah dalam jam makanan dikirim lagi dengan extra menu dan refund dari pihak gojek nya juga knapa shopeefood sampe seminggu ya tidak sebaik dan secepat gojek pelayanan nya ditambah cs shopee hanya copas copas text saja,menyelesaikan jam makanan dikirim extra menu refund gojek knapa shopeefood sampe seminggu secepat gojek pelayanan ditambah cs shopee copas copas text,"['menyelesaikan', 'jam', 'makanan', 'dikirim', 'extra', 'menu', 'refund', 'gojek', 'knapa', 'shopeefood', 'sampe', 'seminggu', 'secepat', 'gojek', 'pelayanan', 'ditambah', 'cs', 'shopee', 'copas', 'copas', 'text']",menyelesaikan jam makanan dikirim extra menu refund gojek knapa shopeefood sampe seminggu secepat gojek pelayanan ditambah cs shopee copas copas text,"['selesai', 'jam', 'makan', 'kirim', 'extra', 'menu', 'refund', 'gojek', 'knapa', 'shopeefood', 'sampe', 'minggu', 'cepat', 'gojek', 'layan', 'tambah', 'cs', 'shopee', 'copas', 'copas', 'text']"
"@Askrlfess yang kamu pesen vouchernya masihan
kalau shopeefood yang ada di bawah koin https://t.co/gKZeWLTVr7","@askrlfess yang kamu pesen vouchernya masihan
kalau shopeefood yang ada di bawah koin https://t.co/gkzewltvr7",yang kamu pesen vouchernya masihan kalau shopeefood yang ada di bawah koin,pesen vouchernya masihan shopeefood koin,"['pesen', 'vouchernya', 'masihan', 'shopeefood', 'koin']",pesan vouchernya masihan shopeefood koin,"['pesan', 'vouchernya', 'masih', 'shopeefood', 'koin']"
@Askrlfess Maaf nder tapi itu kayanya km bukan order shopeefood tapi beli voucher cashback doang,@askrlfess maaf nder tapi itu kayanya km bukan order shopeefood tapi beli voucher cashback doang,maaf nder tapi itu kayanya km bukan order shopeefood tapi beli voucher cashback doang,maaf nder kayanya km order shopeefood beli voucher cashback doang,"['maaf', 'nder', 'kayanya', 'km', 'order', 'shopeefood', 'beli', 'voucher', 'cashback', 'doang']",maaf nder kayanya km order shopeefood beli voucher cashback doang,"['maaf', 'nder', 'kaya', 'km', 'order', 'shopeefood', 'beli', 'voucher', 'cashback', 'doang']"
"@Askrlfess ini bukan shopeefood nder, itu cuman voucher nha aja","@askrlfess ini bukan shopeefood nder, itu cuman voucher nha aja",ini bukan shopeefood nder itu cuman voucher nha aja,shopeefood nder cuman voucher nha,"['shopeefood', 'nder', 'cuman', 'voucher', 'nha']",shopeefood nder hanya voucher nha,"['shopeefood', 'nder', 'hanya', 'voucher', 'nha']"
"@ShopeeCare tgl 18 pesen shopeefood tapi aneh ya padahal 12.10 titik driver nya belum di lokasi penjual tapi di 12.12 di driver klik ambil dan di menit yg sama di selesaikan? Dan pesanan tidak saya terima, fitur hubungi driver tidak ada jadi tidak bisa konfirmasi ke driver. https://t.co/L4s5AQmAfS","@shopeecare tgl 18 pesen shopeefood tapi aneh ya padahal 12.10 titik driver nya belum di lokasi penjual tapi di 12.12 di driver klik ambil dan di menit yg sama di selesaikan? dan pesanan tidak saya terima, fitur hubungi driver tidak ada jadi tidak bisa konfirmasi ke driver. https://t.co/l4s5aqmafs",tgl pesen shopeefood tapi aneh ya padahal titik driver nya belum di lokasi penjual tapi di di driver klik ambil dan di menit yg sama di selesaikan dan pesanan tidak saya terima fitur hubungi driver tidak ada jadi tidak bisa konfirmasi ke driver,tgl pesen shopeefood aneh titik driver lokasi penjual driver klik ambil menit selesaikan pesanan terima fitur hubungi driver konfirmasi driver,"['tgl', 'pesen', 'shopeefood', 'aneh', 'titik', 'driver', 'lokasi', 'penjual', 'driver', 'klik', 'ambil', 'menit', 'selesaikan', 'pesanan', 'terima', 'fitur', 'hubungi', 'driver', 'konfirmasi', 'driver']",tgl pesan shopeefood aneh titik driver lokasi penjual driver klik ambil menit selesaikan pesanan terima fitur hubungi driver konfirmasi driver,"['tgl', 'pesan', 'shopeefood', 'aneh', 'titik', 'driver', 'lokasi', 'jual', 'driver', 'klik', 'ambil', 'menit', 'selesai', 'pesan', 'terima', 'fitur', 'hubung', 'driver', 'konfirmasi', 'driver']"
@fimegasari Apalagi gaada shopeefood:(,@fimegasari apalagi gaada shopeefood:(,apalagi gaada shopeefood,gaada shopeefood,"['gaada', 'shopeefood']",gaada shopeefood,"['gaada', 'shopeefood']"
@shopeefood_id kapan buka pendaftaran merchant lagi minnnnnn,@shopeefood_id kapan buka pendaftaran merchant lagi minnnnnn,id kapan buka pendaftaran merchant lagi minnnnnn,id buka pendaftaran merchant minnnnnn,"['id', 'buka', 'pendaftaran', 'merchant', 'minnnnnn']",id buka pendaftaran merchant minnnnnn,"['id', 'buka', 'daftar', 'merchant', 'minnnnnn']"
top up uangku ordernya di shopeefood,top up uangku ordernya di shopeefood,top up uangku ordernya di shopeefood,top up uangku ordernya shopeefood,"['top', 'up', 'uangku', 'ordernya', 'shopeefood']",top up uangku ordernya shopeefood,"['top', 'up', 'uang', 'order', 'shopeefood']"
"@in_rd_sa @ezash Astaga Dog :‚Äô))

Senja nitip lapak jualan Senja : Ricebox Wagyu, available di Jakarta dsk, bisa dipesan via GoFood/GrabFood/ShopeeFood (search : senjayummy). https://t.co/RgyLXHQgtM","@in_rd_sa @ezash astaga dog :‚Äô))

senja nitip lapak jualan senja : ricebox wagyu, available di jakarta dsk, bisa dipesan via gofood/grabfood/shopeefood (search : senjayummy). https://t.co/rgylxhqgtm",rdsa astaga dog senja nitip lapak jualan senja ricebox wagyu available di jakarta dsk bisa dipesan via gofoodgrabfoodshopeefood search senjayummy,rdsa astaga dog senja nitip lapak jualan senja ricebox wagyu available jakarta dsk dipesan via gofoodgrabfoodshopeefood search senjayummy,"['rdsa', 'astaga', 'dog', 'senja', 'nitip', 'lapak', 'jualan', 'senja', 'ricebox', 'wagyu', 'available', 'jakarta', 'dsk', 'dipesan', 'via', 'gofoodgrabfoodshopeefood', 'search', 'senjayummy']",rdsa astaga dog senja nitip lapak jualan senja ricebox wagyu available jakarta dsk dipesan via gofoodgrabfoodshopeefood search senjayummy,"['rdsa', 'astaga', 'dog', 'senja', 'nitip', 'lapak', 'jual', 'senja', 'ricebox', 'wagyu', 'available', 'jakarta', 'dsk', 'pes', 'via', 'gofoodgrabfoodshopeefood', 'search', 'senjayummy']"
yg pake alamat gue sp si anjr tiap hari shopeefood sm gojek dateng mulu risihh,yg pake alamat gue sp si anjr tiap hari shopeefood sm gojek dateng mulu risihh,yg pake alamat gue sp si anjr tiap hari shopeefood sm gojek dateng mulu risihh,pake alamat gue sp anjr shopeefood sm gojek dateng mulu risihh,"['pake', 'alamat', 'gue', 'sp', 'anjr', 'shopeefood', 'sm', 'gojek', 'dateng', 'mulu', 'risihh']",pake alamat saya sp anjr shopeefood sm gojek datang mulu risihh,"['pake', 'alamat', 'saya', 'sp', 'anjr', 'shopeefood', 'sm', 'gojek', 'datang', 'mulu', 'risihh']"
"BEAR BOBBA LOWOKWARU

Cinnamon Roll Macchiato 18K #BigCup22oz
50% Disc #ShopeeFood #GrabFood #GoFood

üåê https://t.co/6fplAdGVlD

#InfoKulinerMalang
#LaporLaper
#KulinerHitsMalang
#MalangCulinary
#MalangKuliner
#BobaMalang
#KopiMalang 
#EsTehMalang
#MojitoMalang
#Grab
#GoJek
#BTS https://t.co/kvnyQpieh8","bear bobba lowokwaru

cinnamon roll macchiato 18k #bigcup22oz
50% disc #shopeefood #grabfood #gofood

üåê https://t.co/6fpladgvld

#infokulinermalang
#laporlaper
#kulinerhitsmalang
#malangculinary
#malangkuliner
#bobamalang
#kopimalang 
#estehmalang
#mojitomalang
#grab
#gojek
#bts https://t.co/kvnyqpieh8",bear bobba lowokwaru cinnamon roll macchiato k disc,bear bobba lowokwaru cinnamon roll macchiato k disc,"['bear', 'bobba', 'lowokwaru', 'cinnamon', 'roll', 'macchiato', 'k', 'disc']",bear bobba lowokwaru cinnamon roll macchiato k disc,"['bear', 'bobba', 'lowokwaru', 'cinnamon', 'roll', 'macchiato', 'k', 'disc']"
kok mcd di shopeefood ga ada menu butter caramel,kok mcd di shopeefood ga ada menu butter caramel,kok mcd di shopeefood ga ada menu butter caramel,mcd shopeefood menu butter caramel,"['mcd', 'shopeefood', 'menu', 'butter', 'caramel']",mcd shopeefood menu butter caramel,"['mcd', 'shopeefood', 'menu', 'butter', 'caramel']"
"di ShopeeFood aja
*Ayam Gacor - Menteng Atas* https://t.co/cuPipXNGbG","di shopeefood aja
*ayam gacor - menteng atas* https://t.co/cupipxngbg",di shopeefood aja ayam gacor menteng atas,shopeefood ayam gacor menteng,"['shopeefood', 'ayam', 'gacor', 'menteng']",shopeefood ayam gacor menteng,"['shopeefood', 'ayam', 'gacor', 'menteng']"
"di ShopeeFood aja
*Ayam Gacor - Menteng Atas* @ Ayam Gacor Menteng Atas https://t.co/3hpmFsEVcY","di shopeefood aja
*ayam gacor - menteng atas* @ ayam gacor menteng atas https://t.co/3hpmfsevcy",di shopeefood aja ayam gacor menteng atas ayam gacor menteng atas,shopeefood ayam gacor menteng ayam gacor menteng,"['shopeefood', 'ayam', 'gacor', 'menteng', 'ayam', 'gacor', 'menteng']",shopeefood ayam gacor menteng ayam gacor menteng,"['shopeefood', 'ayam', 'gacor', 'menteng', 'ayam', 'gacor', 'menteng']"
"Setelah 40 menit bolak-balik shopee, grab, gofood buat nyari diskonan ya akhirnya ke ShopeeFood aja pesen nasi paddington","setelah 40 menit bolak-balik shopee, grab, gofood buat nyari diskonan ya akhirnya ke shopeefood aja pesen nasi paddington",setelah menit bolakbalik shopee grab gofood buat nyari diskonan ya akhirnya ke shopeefood aja pesen nasi paddington,menit bolakbalik shopee grab gofood nyari diskonan shopeefood pesen nasi paddington,"['menit', 'bolakbalik', 'shopee', 'grab', 'gofood', 'nyari', 'diskonan', 'shopeefood', 'pesen', 'nasi', 'paddington']",menit bolakbalik shopee grab gofood nyari diskonan shopeefood pesan nasi paddington,"['menit', 'bolakbalik', 'shopee', 'grab', 'gofood', 'nyari', 'diskon', 'shopeefood', 'pesan', 'nasi', 'paddington']"
Siapa yg cita citanya namatin game shopeefood,siapa yg cita citanya namatin game shopeefood,siapa yg cita citanya namatin game shopeefood,cita citanya namatin game shopeefood,"['cita', 'citanya', 'namatin', 'game', 'shopeefood']",cita citanya namatin game shopeefood,"['cita', 'cita', 'namatin', 'game', 'shopeefood']"
"@merapi_uncover kayane wes klarifikasi kuwi mas2 e cen kurir shopeefood sing hobby ne mendaki, mung cari sensasi","@merapi_uncover kayane wes klarifikasi kuwi mas2 e cen kurir shopeefood sing hobby ne mendaki, mung cari sensasi",uncover kayane wes klarifikasi kuwi mas e cen kurir shopeefood sing hobby ne mendaki mung cari sensasi,uncover kayane wes klarifikasi kuwi mas e cen kurir shopeefood sing hobby ne mendaki mung cari sensasi,"['uncover', 'kayane', 'wes', 'klarifikasi', 'kuwi', 'mas', 'e', 'cen', 'kurir', 'shopeefood', 'sing', 'hobby', 'ne', 'mendaki', 'mung', 'cari', 'sensasi']",uncover kayane wes klarifikasi kuwi mas e cen kurir shopeefood sing hobby ne mendaki mung cari sensasi,"['uncover', 'kayane', 'wes', 'klarifikasi', 'kuwi', 'mas', 'e', 'cen', 'kurir', 'shopeefood', 'sing', 'hobby', 'ne', 'daki', 'mung', 'cari', 'sensasi']"
"haii! aku jg ada voucher shopeefood nihh~
fee 2k-5k (tergantung voucher yg dipakai yaaa)

yg minat bisa langsung dm yaa^^
jangan lupa mention setelah dm yap #zonauang #zonaba #zonaBU #Zonajajan https://t.co/OyRJ8Iyxmq","haii! aku jg ada voucher shopeefood nihh~
fee 2k-5k (tergantung voucher yg dipakai yaaa)

yg minat bisa langsung dm yaa^^
jangan lupa mention setelah dm yap #zonauang #zonaba #zonabu #zonajajan https://t.co/oyrj8iyxmq",haii aku jg ada voucher shopeefood nihh fee kk tergantung voucher yg dipakai yaaa yg minat bisa langsung dm yaa jangan lupa mention setelah dm yap,haii jg voucher shopeefood nihh fee kk tergantung voucher dipakai yaaa minat langsung dm yaa lupa mention dm yap,"['haii', 'jg', 'voucher', 'shopeefood', 'nihh', 'fee', 'kk', 'tergantung', 'voucher', 'dipakai', 'yaaa', 'minat', 'langsung', 'dm', 'yaa', 'lupa', 'mention', 'dm', 'yap']",haii jg voucher shopeefood nihh fee kk tergantung voucher dipakai yaaa minat langsung dm yaa lupa mention dm yap,"['hai', 'jg', 'voucher', 'shopeefood', 'nihh', 'fee', 'kk', 'gantung', 'voucher', 'pakai', 'yaaa', 'minat', 'langsung', 'dm', 'yaa', 'lupa', 'mention', 'dm', 'yap']"
"HAPPY WEEKEND NASABAH LEMAK TERSAYANG ‚ù§Ô∏è‚ù§Ô∏è‚ù§Ô∏è

Biar weekend nya makin enak, mending rebahan di rumah sambil pesen @nasgortiarbah kemayoran üòãüòãüòã

Gofood ‚úÖ
Grabfood ‚úÖ
Shopeefood ‚úÖ","happy weekend nasabah lemak tersayang ‚ù§Ô∏è‚ù§Ô∏è‚ù§Ô∏è

biar weekend nya makin enak, mending rebahan di rumah sambil pesen @nasgortiarbah kemayoran üòãüòãüòã

gofood ‚úÖ
grabfood ‚úÖ
shopeefood ‚úÖ",happy weekend nasabah lemak tersayang biar weekend nya makin enak mending rebahan di rumah sambil pesen kemayoran gofood grabfood shopeefood,happy weekend nasabah lemak tersayang weekend enak mending rebahan rumah pesen kemayoran gofood grabfood shopeefood,"['happy', 'weekend', 'nasabah', 'lemak', 'tersayang', 'weekend', 'enak', 'mending', 'rebahan', 'rumah', 'pesen', 'kemayoran', 'gofood', 'grabfood', 'shopeefood']",happy weekend nasabah lemak tersayang weekend enak mending rebahan rumah pesan kemayoran gofood grabfood shopeefood,"['happy', 'weekend', 'nasabah', 'lemak', 'sayang', 'weekend', 'enak', 'mending', 'rebah', 'rumah', 'pesan', 'mayor', 'gofood', 'grabfood', 'shopeefood']"
"@kalonginsomnia shopeefood aja lebih asik, cman martabak ga jual jam segini disini huhu adanya malem","@kalonginsomnia shopeefood aja lebih asik, cman martabak ga jual jam segini disini huhu adanya malem",shopeefood aja lebih asik cman martabak ga jual jam segini disini huhu adanya malem,shopeefood asik cman martabak jual jam segini huhu malem,"['shopeefood', 'asik', 'cman', 'martabak', 'jual', 'jam', 'segini', 'huhu', 'malem']",shopeefood asik cman martabak jual jam segini huhu malem,"['shopeefood', 'asik', 'cman', 'martabak', 'jual', 'jam', 'gin', 'huhu', 'malem']"
"hampura neng ieu mah akang can bisa ngalongok bari mawa bengbeng sa dus
top sakintal, komo martabak spesial mah

#ngebid #shopeefood https://t.co/tpkduDeOiv","hampura neng ieu mah akang can bisa ngalongok bari mawa bengbeng sa dus
top sakintal, komo martabak spesial mah

#ngebid #shopeefood https://t.co/tpkdudeoiv",hampura neng ieu mah akang can bisa ngalongok bari mawa bengbeng sa dus top sakintal komo martabak spesial mah,hampura neng ieu mah akang can ngalongok bari mawa bengbeng sa dus top sakintal komo martabak spesial mah,"['hampura', 'neng', 'ieu', 'mah', 'akang', 'can', 'ngalongok', 'bari', 'mawa', 'bengbeng', 'sa', 'dus', 'top', 'sakintal', 'komo', 'martabak', 'spesial', 'mah']",hampura neng ieu mah akang can ngalongok bari mawa bengbeng sa dus top sakintal komo martabak spesial mah,"['hampura', 'neng', 'ieu', 'mah', 'akang', 'can', 'ngalongok', 'bari', 'mawa', 'bengbeng', 'sa', 'dus', 'top', 'sakintal', 'komo', 'martabak', 'spesial', 'mah']"
@RacunBelanja semenjak ada shopeefood gojek grab gw unins ckck pengen beli ini mager banget install gojek lagi ckck,@racunbelanja semenjak ada shopeefood gojek grab gw unins ckck pengen beli ini mager banget install gojek lagi ckck,semenjak ada shopeefood gojek grab gw unins ckck pengen beli ini mager banget install gojek lagi ckck,semenjak shopeefood gojek grab gw unins ckck pengen beli mager banget install gojek ckck,"['semenjak', 'shopeefood', 'gojek', 'grab', 'gw', 'unins', 'ckck', 'pengen', 'beli', 'mager', 'banget', 'install', 'gojek', 'ckck']",semenjak shopeefood gojek grab saya unins ckck pengen beli mager banget install gojek ckck,"['semenjak', 'shopeefood', 'gojek', 'grab', 'saya', 'unins', 'ckck', 'ken', 'beli', 'mager', 'banget', 'install', 'gojek', 'ckck']"
"Kembali ke scroll scroll gofood grabfood shopeefood aja terus tapi ndak mood makan. 

Gitu terus sampe nanti sore.","kembali ke scroll scroll gofood grabfood shopeefood aja terus tapi ndak mood makan. 

gitu terus sampe nanti sore.",kembali ke scroll scroll gofood grabfood shopeefood aja terus tapi ndak mood makan gitu terus sampe nanti sore,scroll scroll gofood grabfood shopeefood ndak mood makan gitu sampe sore,"['scroll', 'scroll', 'gofood', 'grabfood', 'shopeefood', 'ndak', 'mood', 'makan', 'gitu', 'sampe', 'sore']",scroll scroll gofood grabfood shopeefood ndak mood makan gitu sampe sore,"['scroll', 'scroll', 'gofood', 'grabfood', 'shopeefood', 'ndak', 'mood', 'makan', 'gitu', 'sampe', 'sore']"
"Seberapa gak gunanya kegiatan lo dihari weekend?
Gue scroll shopeefood berjam-jam tp gak ada yg di checkout","seberapa gak gunanya kegiatan lo dihari weekend?
gue scroll shopeefood berjam-jam tp gak ada yg di checkout",seberapa gak gunanya kegiatan lo dihari weekend gue scroll shopeefood berjamjam tp gak ada yg di checkout,gunanya kegiatan lo dihari weekend gue scroll shopeefood berjamjam tp checkout,"['gunanya', 'kegiatan', 'lo', 'dihari', 'weekend', 'gue', 'scroll', 'shopeefood', 'berjamjam', 'tp', 'checkout']",gunanya kegiatan lo dihari weekend saya scroll shopeefood berjamjam tapi checkout,"['guna', 'giat', 'lo', 'hari', 'weekend', 'saya', 'scroll', 'shopeefood', 'berjamjam', 'tapi', 'checkout']"
"andai aku nagita slavina, mo pesen shopeefood pasti ga nunggu voucher promo duluü§£","andai aku nagita slavina, mo pesen shopeefood pasti ga nunggu voucher promo duluü§£",andai aku nagita slavina mo pesen shopeefood pasti ga nunggu voucher promo dulu,andai nagita slavina mo pesen shopeefood nunggu voucher promo,"['andai', 'nagita', 'slavina', 'mo', 'pesen', 'shopeefood', 'nunggu', 'voucher', 'promo']",andai nagita slavina mo pesan shopeefood nunggu voucher promo,"['andai', 'nagita', 'slavina', 'mo', 'pesan', 'shopeefood', 'nunggu', 'voucher', 'promo']"
Bj takde coffee ke aduh kena game dgn ShopeeFood,bj takde coffee ke aduh kena game dgn shopeefood,bj takde coffee ke aduh kena game dgn shopeefood,bj takde coffee aduh kena game shopeefood,"['bj', 'takde', 'coffee', 'aduh', 'kena', 'game', 'shopeefood']",bj takde coffee aduh kena game shopeefood,"['bj', 'takde', 'coffee', 'aduh', 'kena', 'game', 'shopeefood']"
"pesanan @shopeefood_id  gak datang uang hilang lah dan pesanan gak datang. 

lalu cs @ShopeeID menyerah dan minta email sebagai prosedur yang saya sudah hapal banget. 

Drivernya? 
keberatan... duitnya gak mau dibalikin. 
yang penting dia dapat feenya.","pesanan @shopeefood_id  gak datang uang hilang lah dan pesanan gak datang. 

lalu cs @shopeeid menyerah dan minta email sebagai prosedur yang saya sudah hapal banget. 

drivernya? 
keberatan... duitnya gak mau dibalikin. 
yang penting dia dapat feenya.",pesanan id gak datang uang hilang lah dan pesanan gak datang lalu cs menyerah dan minta email sebagai prosedur yang saya sudah hapal banget drivernya keberatan duitnya gak mau dibalikin yang penting dia dapat feenya,pesanan id uang hilang pesanan cs menyerah email prosedur hapal banget drivernya keberatan duitnya dibalikin feenya,"['pesanan', 'id', 'uang', 'hilang', 'pesanan', 'cs', 'menyerah', 'email', 'prosedur', 'hapal', 'banget', 'drivernya', 'keberatan', 'duitnya', 'dibalikin', 'feenya']",pesanan id uang hilang pesanan cs menyerah email prosedur hapal banget drivernya keberatan duitnya dibalikin feenya,"['pesan', 'id', 'uang', 'hilang', 'pesan', 'cs', 'serah', 'email', 'prosedur', 'hapal', 'banget', 'drivernya', 'berat', 'duit', 'dibalikin', 'feenya']"
"pesanan yang kedua @shopeefood_id  pagi-pagi ini driver klik sudah di resto. apa yang terjadi setelah stgh jam nunggu? driver chat baru nemu toko, tokonya tutup...

WHAT T---

Minta saya batalin? ya gak bisa. saya chat cs @ShopeeID  LAMA BANGET PROSEDURNYA....
AKHIRNYA APA?","pesanan yang kedua @shopeefood_id  pagi-pagi ini driver klik sudah di resto. apa yang terjadi setelah stgh jam nunggu? driver chat baru nemu toko, tokonya tutup...

what t---

minta saya batalin? ya gak bisa. saya chat cs @shopeeid  lama banget prosedurnya....
akhirnya apa?",pesanan yang kedua id pagipagi ini driver klik sudah di resto apa yang terjadi setelah stgh jam nunggu driver chat baru nemu toko tokonya tutup what t minta saya batalin ya gak bisa saya chat cs lama banget prosedurnya akhirnya apa,pesanan id pagipagi driver klik resto stgh jam nunggu driver chat nemu toko tokonya tutup what batalin chat cs banget prosedurnya,"['pesanan', 'id', 'pagipagi', 'driver', 'klik', 'resto', 'stgh', 'jam', 'nunggu', 'driver', 'chat', 'nemu', 'toko', 'tokonya', 'tutup', 'what', 'batalin', 'chat', 'cs', 'banget', 'prosedurnya']",pesanan id pagipagi driver klik resto stgh jam nunggu driver chat nemu toko tokonya tutup what batalin chat cs banget prosedurnya,"['pesan', 'id', 'pagipagi', 'driver', 'klik', 'resto', 'stgh', 'jam', 'nunggu', 'driver', 'chat', 'nemu', 'toko', 'toko', 'tutup', 'what', 'batalin', 'chat', 'cs', 'banget', 'prosedur']"
Baru kenal aja udah minta dikirimin ShopeeFood. Dasar mental pengemis! üòíüôÉ,baru kenal aja udah minta dikirimin shopeefood. dasar mental pengemis! üòíüôÉ,baru kenal aja udah minta dikirimin shopeefood dasar mental pengemis,kenal udah dikirimin shopeefood dasar mental pengemis,"['kenal', 'udah', 'dikirimin', 'shopeefood', 'dasar', 'mental', 'pengemis']",kenal udah dikirimin shopeefood dasar mental pengemis,"['kenal', 'udah', 'dikirimin', 'shopeefood', 'dasar', 'mental', 'emis']"
"BEAR BOBBA LOWOKWARU

Boba Brown Sugar 13K #BigCup22oz
50% Disc #ShopeeFood #GrabFood #GoFood

üåêhttps://t.co/6fplAdGVlD

#InfoKulinerMalang
#LaporLaper
#KulinerHitsMalang
#MalangCulinary
#MalangKuliner
#BobaMalang
#KopiMalang 
#EsTehMalang
#MojitoMalang
#Grab
#GoJek
#Shopee
#BTS https://t.co/AHDAMR3pFL","bear bobba lowokwaru

boba brown sugar 13k #bigcup22oz
50% disc #shopeefood #grabfood #gofood

üåêhttps://t.co/6fpladgvld

#infokulinermalang
#laporlaper
#kulinerhitsmalang
#malangculinary
#malangkuliner
#bobamalang
#kopimalang 
#estehmalang
#mojitomalang
#grab
#gojek
#shopee
#bts https://t.co/ahdamr3pfl",bear bobba lowokwaru boba brown sugar k disc,bear bobba lowokwaru boba brown sugar k disc,"['bear', 'bobba', 'lowokwaru', 'boba', 'brown', 'sugar', 'k', 'disc']",bear bobba lowokwaru boba brown sugar k disc,"['bear', 'bobba', 'lowokwaru', 'boba', 'brown', 'sugar', 'k', 'disc']"
"@uchiha201 Buka di google, ""cara daftar jadi shopeefood driver""","@uchiha201 buka di google, ""cara daftar jadi shopeefood driver""",buka di google cara daftar jadi shopeefood driver,buka google daftar shopeefood driver,"['buka', 'google', 'daftar', 'shopeefood', 'driver']",buka google daftar shopeefood driver,"['buka', 'google', 'daftar', 'shopeefood', 'driver']"
"@nnirwansyah Buka aja google, ""cara daftar shopeefood driver""","@nnirwansyah buka aja google, ""cara daftar shopeefood driver""",buka aja google cara daftar shopeefood driver,buka google daftar shopeefood driver,"['buka', 'google', 'daftar', 'shopeefood', 'driver']",buka google daftar shopeefood driver,"['buka', 'google', 'daftar', 'shopeefood', 'driver']"
[Askrl] rata2 penghasilan driver shopeefood berapa ya sehari,[askrl] rata2 penghasilan driver shopeefood berapa ya sehari,askrl rata penghasilan driver shopeefood berapa ya sehari,askrl penghasilan driver shopeefood sehari,"['askrl', 'penghasilan', 'driver', 'shopeefood', 'sehari']",askrl penghasilan driver shopeefood sehari,"['askrl', 'hasil', 'driver', 'shopeefood', 'hari']"
Jog rata2 penghasilan driver shopeefood berapa ya sehari,jog rata2 penghasilan driver shopeefood berapa ya sehari,jog rata penghasilan driver shopeefood berapa ya sehari,jog penghasilan driver shopeefood sehari,"['jog', 'penghasilan', 'driver', 'shopeefood', 'sehari']",jog penghasilan driver shopeefood sehari,"['jog', 'hasil', 'driver', 'shopeefood', 'hari']"
"Jiakh, shopeefood dah ada akhirnya","jiakh, shopeefood dah ada akhirnya",jiakh shopeefood dah ada akhirnya,jiakh shopeefood dah,"['jiakh', 'shopeefood', 'dah']",jiakh shopeefood dah,"['jiakh', 'shopeefood', 'dah']"
"Nasib baik Erna kabo tentang ShopeeFood. Setidaknya boleh klaim penghantaran percuma, jadi aku cuma bayar harga makanan jelah. Kalau takdo baucer, aku rela makan makanan kafe.","nasib baik erna kabo tentang shopeefood. setidaknya boleh klaim penghantaran percuma, jadi aku cuma bayar harga makanan jelah. kalau takdo baucer, aku rela makan makanan kafe.",nasib baik erna kabo tentang shopeefood setidaknya boleh klaim penghantaran percuma jadi aku cuma bayar harga makanan jelah kalau takdo baucer aku rela makan makanan kafe,nasib erna kabo shopeefood klaim penghantaran bayar harga makanan jelah takdo baucer rela makan makanan kafe,"['nasib', 'erna', 'kabo', 'shopeefood', 'klaim', 'penghantaran', 'bayar', 'harga', 'makanan', 'jelah', 'takdo', 'baucer', 'rela', 'makan', 'makanan', 'kafe']",nasib erna kabo shopeefood klaim penghantaran bayar harga makanan jelah takdo baucer rela makan makanan kafe,"['nasib', 'erna', 'kabo', 'shopeefood', 'klaim', 'hantar', 'bayar', 'harga', 'makan', 'jelah', 'takdo', 'baucer', 'rela', 'makan', 'makan', 'kafe']"
"Jangan lupa Klaim Vocher ShopeeFood km üòó

https://t.co/tCA2ilgUvH","jangan lupa klaim vocher shopeefood km üòó

https://t.co/tca2ilguvh",jangan lupa klaim vocher shopeefood km,lupa klaim vocher shopeefood km,"['lupa', 'klaim', 'vocher', 'shopeefood', 'km']",lupa klaim vocher shopeefood km,"['lupa', 'klaim', 'vocher', 'shopeefood', 'km']"
"lunas ya, dicoba aja kalo bisa ya rejeki kalo ga bisa ya shopeefood ajaüòÇ‚úå https://t.co/aQxkPD0Jze","lunas ya, dicoba aja kalo bisa ya rejeki kalo ga bisa ya shopeefood ajaüòÇ‚úå https://t.co/aqxkpd0jze",lunas ya dicoba aja kalo bisa ya rejeki kalo ga bisa ya shopeefood aja,lunas dicoba rejeki shopeefood,"['lunas', 'dicoba', 'rejeki', 'shopeefood']",lunas dicoba rejeki shopeefood,"['lunas', 'coba', 'rejeki', 'shopeefood']"
"Shopeefood parah sih ini emang, baru kali ini beli mekdi harganya turun jauh dari harga aslinya","shopeefood parah sih ini emang, baru kali ini beli mekdi harganya turun jauh dari harga aslinya",shopeefood parah sih ini emang baru kali ini beli mekdi harganya turun jauh dari harga aslinya,shopeefood parah emang kali beli mekdi harganya turun harga aslinya,"['shopeefood', 'parah', 'emang', 'kali', 'beli', 'mekdi', 'harganya', 'turun', 'harga', 'aslinya']",shopeefood parah emang kali beli mekdi harganya turun harga aslinya,"['shopeefood', 'parah', 'emang', 'kali', 'beli', 'mekdi', 'harga', 'turun', 'harga', 'asli']"
"Rencana kirim makanan pake shopeefood, eh ketiduran :(
Astagaaa antara mo ngakak sm gaenak kan janji mo pesenin makan. Bisa2 nya ketidurannn wkwk ü§£ü§£ü§£","rencana kirim makanan pake shopeefood, eh ketiduran :(
astagaaa antara mo ngakak sm gaenak kan janji mo pesenin makan. bisa2 nya ketidurannn wkwk ü§£ü§£ü§£",rencana kirim makanan pake shopeefood eh ketiduran astagaaa antara mo ngakak sm gaenak kan janji mo pesenin makan bisa nya ketidurannn wkwk,rencana kirim makanan pake shopeefood eh ketiduran astagaaa mo ngakak sm gaenak janji mo pesenin makan ketidurannn wkwk,"['rencana', 'kirim', 'makanan', 'pake', 'shopeefood', 'eh', 'ketiduran', 'astagaaa', 'mo', 'ngakak', 'sm', 'gaenak', 'janji', 'mo', 'pesenin', 'makan', 'ketidurannn', 'wkwk']",rencana kirim makanan pake shopeefood eh ketiduran astagaaa mo tertawa sm gaenak janji mo pesenin makan ketidurannn tertawa,"['rencana', 'kirim', 'makan', 'pake', 'shopeefood', 'eh', 'tidur', 'astagaaa', 'mo', 'tertawa', 'sm', 'gaenak', 'janji', 'mo', 'senin', 'makan', 'ketidurannn', 'tertawa']"
"@jogmfs Order shopeefood warmindo elephant nder, aku lgi ngalong disini, kali aja nyantol, mayan bantu tutup poin","@jogmfs order shopeefood warmindo elephant nder, aku lgi ngalong disini, kali aja nyantol, mayan bantu tutup poin",order shopeefood warmindo elephant nder aku lgi ngalong disini kali aja nyantol mayan bantu tutup poin,order shopeefood warmindo elephant nder lgi ngalong kali nyantol mayan bantu tutup poin,"['order', 'shopeefood', 'warmindo', 'elephant', 'nder', 'lgi', 'ngalong', 'kali', 'nyantol', 'mayan', 'bantu', 'tutup', 'poin']",order shopeefood warmindo elephant nder lgi ngalong kali nyantol mayan bantu tutup poin,"['order', 'shopeefood', 'warmindo', 'elephant', 'nder', 'lgi', 'ngalong', 'kali', 'nyantol', 'mayan', 'bantu', 'tutup', 'poin']"
@uniquerls @sicutgeulis @shopeefood_id Bakal ada di bulan november / desember kak ditunggu aja,@uniquerls @sicutgeulis @shopeefood_id bakal ada di bulan november / desember kak ditunggu aja,id bakal ada di bulan november desember kak ditunggu aja,id november desember kak ditunggu,"['id', 'november', 'desember', 'kak', 'ditunggu']",id november desember kak ditunggu,"['id', 'november', 'desember', 'kak', 'tunggu']"
"ada voucher shopeefood juga
disc 50% max 18k 
disc 30% max 18k
udah sama vc gratis ongkirnya
fee 5k ya btw soalnya 2 vc yg dipake
vc shopeefood 
#zonauang #zonajajan #zonaba https://t.co/UPUv5ZNT1G","ada voucher shopeefood juga
disc 50% max 18k 
disc 30% max 18k
udah sama vc gratis ongkirnya
fee 5k ya btw soalnya 2 vc yg dipake
vc shopeefood 
#zonauang #zonajajan #zonaba https://t.co/upuv5znt1g",ada voucher shopeefood juga disc max k disc max k udah sama vc gratis ongkirnya fee k ya btw soalnya vc yg dipake vc shopeefood,voucher shopeefood disc max k disc max k udah vc gratis ongkirnya fee k btw vc dipake vc shopeefood,"['voucher', 'shopeefood', 'disc', 'max', 'k', 'disc', 'max', 'k', 'udah', 'vc', 'gratis', 'ongkirnya', 'fee', 'k', 'btw', 'vc', 'dipake', 'vc', 'shopeefood']",voucher shopeefood disc max k disc max k udah vc gratis ongkirnya fee k btw vc dipake vc shopeefood,"['voucher', 'shopeefood', 'disc', 'max', 'k', 'disc', 'max', 'k', 'udah', 'vc', 'gratis', 'ongkirnya', 'fee', 'k', 'btw', 'vc', 'dipake', 'vc', 'shopeefood']"
"Apaka warung q harus kaya gini? üòÇ 
Udah nebak orderan pake nama cust krna driver pake jas gojek, ternyata dia ambil orderan shopeefood https://t.co/eMQ1D0fn8K","apaka warung q harus kaya gini? üòÇ 
udah nebak orderan pake nama cust krna driver pake jas gojek, ternyata dia ambil orderan shopeefood https://t.co/emq1d0fn8k",apaka warung q harus kaya gini udah nebak orderan pake nama cust krna driver pake jas gojek ternyata dia ambil orderan shopeefood,apaka warung q kaya gini udah nebak orderan pake nama cust krna driver pake jas gojek ambil orderan shopeefood,"['apaka', 'warung', 'q', 'kaya', 'gini', 'udah', 'nebak', 'orderan', 'pake', 'nama', 'cust', 'krna', 'driver', 'pake', 'jas', 'gojek', 'ambil', 'orderan', 'shopeefood']",apaka warung q kaya gini udah nebak orderan pake nama cust krna driver pake jas gojek ambil orderan shopeefood,"['apaka', 'warung', 'q', 'kaya', 'gin', 'udah', 'nebak', 'order', 'pake', 'nama', 'cust', 'krna', 'driver', 'pake', 'jas', 'gojek', 'ambil', 'order', 'shopeefood']"
"@deakrn_ @sbyfess Ndang dibuka shopeefood e wes awe awe
Scroll sejam sek trs keturon üëç","@deakrn_ @sbyfess ndang dibuka shopeefood e wes awe awe
scroll sejam sek trs keturon üëç",ndang dibuka shopeefood e wes awe awe scroll sejam sek trs keturon,ndang dibuka shopeefood e wes awe awe scroll sejam sek trs keturon,"['ndang', 'dibuka', 'shopeefood', 'e', 'wes', 'awe', 'awe', 'scroll', 'sejam', 'sek', 'trs', 'keturon']",ndang dibuka shopeefood e wes awe awe scroll sejam sek trs keturon,"['ndang', 'buka', 'shopeefood', 'e', 'wes', 'awe', 'awe', 'scroll', 'jam', 'sek', 'trs', 'keturon']"
"@ShopeeID @ShopeeCare hoee admin, ini kenapa deh kok akun aku tiba tiba dibatasi??? Padahal terakhir cuma pesen shopeefood. Gimanaaa nih bisa balik gaaa????","@shopeeid @shopeecare hoee admin, ini kenapa deh kok akun aku tiba tiba dibatasi??? padahal terakhir cuma pesen shopeefood. gimanaaa nih bisa balik gaaa????",hoee admin ini kenapa deh kok akun aku tiba tiba dibatasi padahal terakhir cuma pesen shopeefood gimanaaa nih bisa balik gaaa,hoee admin deh akun dibatasi pesen shopeefood gimanaaa gaaa,"['hoee', 'admin', 'deh', 'akun', 'dibatasi', 'pesen', 'shopeefood', 'gimanaaa', 'gaaa']",hoee admin deh akun dibatasi pesan shopeefood gimanaaa gaaa,"['hoee', 'admin', 'deh', 'akun', 'batas', 'pesan', 'shopeefood', 'gimanaaa', 'gaaa']"
@orenjigurin Akhirnya pake shopeefood‚ò∫Ô∏è‚ò∫Ô∏è‚ò∫Ô∏è,@orenjigurin akhirnya pake shopeefood‚ò∫Ô∏è‚ò∫Ô∏è‚ò∫Ô∏è,akhirnya pake shopeefood,pake shopeefood,"['pake', 'shopeefood']",pake shopeefood,"['pake', 'shopeefood']"
Terimakasih kepada bapak gofood grabfood shopeefood yang selalu menyelamatkan malam hariku rispekkk,terimakasih kepada bapak gofood grabfood shopeefood yang selalu menyelamatkan malam hariku rispekkk,terimakasih kepada bapak gofood grabfood shopeefood yang selalu menyelamatkan malam hariku rispekkk,terimakasih gofood grabfood shopeefood menyelamatkan malam hariku rispekkk,"['terimakasih', 'gofood', 'grabfood', 'shopeefood', 'menyelamatkan', 'malam', 'hariku', 'rispekkk']",terimakasih gofood grabfood shopeefood menyelamatkan malam hariku rispekkk,"['terimakasih', 'gofood', 'grabfood', 'shopeefood', 'selamat', 'malam', 'hari', 'rispekkk']"
Gofood gue drtd magrib ga dapet2 driver. Apa udah beralih ke shopeefood semua ya,gofood gue drtd magrib ga dapet2 driver. apa udah beralih ke shopeefood semua ya,gofood gue drtd magrib ga dapet driver apa udah beralih ke shopeefood semua ya,gofood gue drtd magrib dapet driver udah beralih shopeefood,"['gofood', 'gue', 'drtd', 'magrib', 'dapet', 'driver', 'udah', 'beralih', 'shopeefood']",gofood saya drtd magrib dapat driver udah beralih shopeefood,"['gofood', 'saya', 'drtd', 'magrib', 'dapat', 'driver', 'udah', 'alih', 'shopeefood']"
"@DikiPamuji @shopeefood_id Isi atuh,,, ginjal masih lengkap kan?üò≠","@dikipamuji @shopeefood_id isi atuh,,, ginjal masih lengkap kan?üò≠",id isi atuh ginjal masih lengkap kan,id isi atuh ginjal lengkap,"['id', 'isi', 'atuh', 'ginjal', 'lengkap']",id isi atuh ginjal lengkap,"['id', 'isi', 'atuh', 'ginjal', 'lengkap']"
@hahh_ai @shopeefood_id Ga pernah punya saldo shpepayüò≠,@hahh_ai @shopeefood_id ga pernah punya saldo shpepayüò≠,ai id ga pernah punya saldo shpepay,ai id saldo shpepay,"['ai', 'id', 'saldo', 'shpepay']",ai id saldo shpepay,"['ai', 'id', 'saldo', 'shpepay']"
"@DikiPamuji @shopeefood_id Bisa, tapi yg promo¬≤ gt kebanyakan pke shopeepay","@dikipamuji @shopeefood_id bisa, tapi yg promo¬≤ gt kebanyakan pke shopeepay",id bisa tapi yg promo gt kebanyakan pke shopeepay,id promo gt kebanyakan pke shopeepay,"['id', 'promo', 'gt', 'kebanyakan', 'pke', 'shopeepay']",id promo gt kebanyakan pke shopeepay,"['id', 'promo', 'gt', 'banyak', 'pke', 'shopeepay']"
"Tadi siang pas lb tbtb ditelp bolakbalik dari shopeefood, karena no nya ga kukenal jadi ga ku angkat ealah ternyata dikirimin maksi tbtb wkwk gemes bangetü§£
Pantes kemarin tbtb nanya kantor ku yg belah mana, alibi nanya bandara segala si kampretü§£ ada aja idenya:) https://t.co/pa7Zn56urr","tadi siang pas lb tbtb ditelp bolakbalik dari shopeefood, karena no nya ga kukenal jadi ga ku angkat ealah ternyata dikirimin maksi tbtb wkwk gemes bangetü§£
pantes kemarin tbtb nanya kantor ku yg belah mana, alibi nanya bandara segala si kampretü§£ ada aja idenya:) https://t.co/pa7zn56urr",tadi siang pas lb tbtb ditelp bolakbalik dari shopeefood karena no nya ga kukenal jadi ga ku angkat ealah ternyata dikirimin maksi tbtb wkwk gemes banget pantes kemarin tbtb nanya kantor ku yg belah mana alibi nanya bandara segala si kampret ada aja idenya,siang pas lb tbtb ditelp bolakbalik shopeefood no kukenal ku angkat ealah dikirimin maksi tbtb wkwk gemes banget pantes kemarin tbtb nanya kantor ku belah alibi nanya bandara kampret idenya,"['siang', 'pas', 'lb', 'tbtb', 'ditelp', 'bolakbalik', 'shopeefood', 'no', 'kukenal', 'ku', 'angkat', 'ealah', 'dikirimin', 'maksi', 'tbtb', 'wkwk', 'gemes', 'banget', 'pantes', 'kemarin', 'tbtb', 'nanya', 'kantor', 'ku', 'belah', 'alibi', 'nanya', 'bandara', 'kampret', 'idenya']",siang pas lb tbtb ditelp bolakbalik shopeefood no kukenal ku angkat ealah dikirimin maksi tbtb tertawa gemes banget pantes kemarin tbtb nanya kantor ku belah alibi nanya bandara kampret idenya,"['siang', 'pas', 'lb', 'tbtb', 'ditelp', 'bolakbalik', 'shopeefood', 'no', 'kenal', 'ku', 'angkat', 'ealah', 'dikirimin', 'maksi', 'tbtb', 'tertawa', 'gemes', 'banget', 'pantes', 'kemarin', 'tbtb', 'nanya', 'kantor', 'ku', 'belah', 'alibi', 'nanya', 'bandara', 'kampret', 'ide']"
"#DriverStory 
Iseng2 daftar aplikasi belanja makanan secara online alias #Shopeefood. 
Lupa daftar sejak kapan. Sepertinya waktu daftar merchant #ShopeeFood juga, sejak Juli dan baru dipanggil kmrn 10/10
Bayar untuk jaket, helm dan tas 450k","#driverstory 
iseng2 daftar aplikasi belanja makanan secara online alias #shopeefood. 
lupa daftar sejak kapan. sepertinya waktu daftar merchant #shopeefood juga, sejak juli dan baru dipanggil kmrn 10/10
bayar untuk jaket, helm dan tas 450k",iseng daftar aplikasi belanja makanan secara online alias lupa daftar sejak kapan sepertinya waktu daftar merchant juga sejak juli dan baru dipanggil kmrn bayar untuk jaket helm dan tas k,iseng daftar aplikasi belanja makanan online alias lupa daftar daftar merchant juli dipanggil kmrn bayar jaket helm tas k,"['iseng', 'daftar', 'aplikasi', 'belanja', 'makanan', 'online', 'alias', 'lupa', 'daftar', 'daftar', 'merchant', 'juli', 'dipanggil', 'kmrn', 'bayar', 'jaket', 'helm', 'tas', 'k']",iseng daftar aplikasi belanja makanan online alias lupa daftar daftar merchant juli dipanggil kmrn bayar jaket helm tas k,"['iseng', 'daftar', 'aplikasi', 'belanja', 'makan', 'online', 'alias', 'lupa', 'daftar', 'daftar', 'merchant', 'juli', 'panggil', 'kmrn', 'bayar', 'jaket', 'helm', 'tas', 'k']"
"How can it happen, pesen shopeefood dan ternyata drivernya temen sendiri. Untung mesennya bukan buat diri sendiri :)","how can it happen, pesen shopeefood dan ternyata drivernya temen sendiri. untung mesennya bukan buat diri sendiri :)",how can it happen pesen shopeefood dan ternyata drivernya temen sendiri untung mesennya bukan buat diri sendiri,how can it happen pesen shopeefood drivernya temen untung mesennya,"['how', 'can', 'it', 'happen', 'pesen', 'shopeefood', 'drivernya', 'temen', 'untung', 'mesennya']",how can it happen pesan shopeefood drivernya temen untung mesennya,"['how', 'can', 'it', 'happen', 'pesan', 'shopeefood', 'drivernya', 'temen', 'untung', 'mesennya']"
langit bisakah kau turunkan 100 perak agar aku bisa makan karena aku order shopeefood totalnya 24.500 saldoku 24.427 terima kasih langit,langit bisakah kau turunkan 100 perak agar aku bisa makan karena aku order shopeefood totalnya 24.500 saldoku 24.427 terima kasih langit,langit bisakah kau turunkan perak agar aku bisa makan karena aku order shopeefood totalnya saldoku terima kasih langit,langit kau turunkan perak makan order shopeefood totalnya saldoku terima kasih langit,"['langit', 'kau', 'turunkan', 'perak', 'makan', 'order', 'shopeefood', 'totalnya', 'saldoku', 'terima', 'kasih', 'langit']",langit kau turunkan perak makan order shopeefood totalnya saldoku terima kasih langit,"['langit', 'kau', 'turun', 'perak', 'makan', 'order', 'shopeefood', 'total', 'saldo', 'terima', 'kasih', 'langit']"
Yang bikin males jajan via shopeefood tuh karena banyak biaya ga terduganya. Belum include uang parkir driver dan tips https://t.co/I4ICO0pKHu,yang bikin males jajan via shopeefood tuh karena banyak biaya ga terduganya. belum include uang parkir driver dan tips https://t.co/i4ico0pkhu,yang bikin males jajan via shopeefood tuh karena banyak biaya ga terduganya belum include uang parkir driver dan tips,males jajan via shopeefood biaya terduganya include uang parkir driver tips,"['males', 'jajan', 'via', 'shopeefood', 'biaya', 'terduganya', 'include', 'uang', 'parkir', 'driver', 'tips']",males jajan via shopeefood biaya terduganya include uang parkir driver tips,"['males', 'jajan', 'via', 'shopeefood', 'biaya', 'duga', 'include', 'uang', 'parkir', 'driver', 'tips']"
@tanyaindeca lagi asik banget yee shopeefood,@tanyaindeca lagi asik banget yee shopeefood,lagi asik banget yee shopeefood,asik banget yee shopeefood,"['asik', 'banget', 'yee', 'shopeefood']",asik banget yee shopeefood,"['asik', 'banget', 'yee', 'shopeefood']"
"Driver shopeefood sampe udah hafal harus nganter kemana""nya ü§£

Tiap hari jajan temu orang"" Yg itu itu jugaü§£

Tidur ah besok lembur lagi

Siapa tau bangun"" Jadi 2T lebih 300ü§£

Babay‚ù§ https://t.co/hGOO06BHKn","driver shopeefood sampe udah hafal harus nganter kemana""nya ü§£

tiap hari jajan temu orang"" yg itu itu jugaü§£

tidur ah besok lembur lagi

siapa tau bangun"" jadi 2t lebih 300ü§£

babay‚ù§ https://t.co/hgoo06bhkn",driver shopeefood sampe udah hafal harus nganter kemananya tiap hari jajan temu orang yg itu itu juga tidur ah besok lembur lagi siapa tau bangun jadi t lebih babay,driver shopeefood sampe udah hafal nganter kemananya jajan temu orang tidur ah besok lembur bangun babay,"['driver', 'shopeefood', 'sampe', 'udah', 'hafal', 'nganter', 'kemananya', 'jajan', 'temu', 'orang', 'tidur', 'ah', 'besok', 'lembur', 'bangun', 'babay']",driver shopeefood sampe udah hafal nganter kemananya jajan temu orang tidur ah besok lembur bangun babay,"['driver', 'shopeefood', 'sampe', 'udah', 'hafal', 'nganter', 'mana', 'jajan', 'temu', 'orang', 'tidur', 'ah', 'besok', 'lembur', 'bangun', 'babay']"
Suka iri sama orang yang bisa grabfood gofood atau shopeefood lihat lah betapa jauhnya rumah aku dari kotaü•≤ https://t.co/Ye1lGykO5i,suka iri sama orang yang bisa grabfood gofood atau shopeefood lihat lah betapa jauhnya rumah aku dari kotaü•≤ https://t.co/ye1lgyko5i,suka iri sama orang yang bisa grabfood gofood atau shopeefood lihat lah betapa jauhnya rumah aku dari kota,suka iri orang grabfood gofood shopeefood lihat betapa jauhnya rumah kota,"['suka', 'iri', 'orang', 'grabfood', 'gofood', 'shopeefood', 'lihat', 'betapa', 'jauhnya', 'rumah', 'kota']",suka iri orang grabfood gofood shopeefood lihat betapa jauhnya rumah kota,"['suka', 'iri', 'orang', 'grabfood', 'gofood', 'shopeefood', 'lihat', 'betapa', 'jauh', 'rumah', 'kota']"
Hampir aja shopeefood salad lalu tiba-tiba inget tadi siang udah chatime üò≠üò≠üò≠ pulang kerja sampai rumah ada croissant 1 box isi 9 juga udah disikat 3 üò≠üò≠üò≠ laper mulu ih heran,hampir aja shopeefood salad lalu tiba-tiba inget tadi siang udah chatime üò≠üò≠üò≠ pulang kerja sampai rumah ada croissant 1 box isi 9 juga udah disikat 3 üò≠üò≠üò≠ laper mulu ih heran,hampir aja shopeefood salad lalu tibatiba inget tadi siang udah chatime pulang kerja sampai rumah ada croissant box isi juga udah disikat laper mulu ih heran,shopeefood salad tibatiba inget siang udah chatime pulang kerja rumah croissant box isi udah disikat laper mulu ih heran,"['shopeefood', 'salad', 'tibatiba', 'inget', 'siang', 'udah', 'chatime', 'pulang', 'kerja', 'rumah', 'croissant', 'box', 'isi', 'udah', 'disikat', 'laper', 'mulu', 'ih', 'heran']",shopeefood salad tibatiba inget siang udah chatime pulang kerja rumah croissant box isi udah disikat laper mulu ih heran,"['shopeefood', 'salad', 'tibatiba', 'inget', 'siang', 'udah', 'chatime', 'pulang', 'kerja', 'rumah', 'croissant', 'box', 'isi', 'udah', 'sikat', 'laper', 'mulu', 'ih', 'heran']"
@vidi2791 Mayan sih tp tadi emang laper terus sekalian beli 2 biar dapet potongan shopeefood wkwkwk,@vidi2791 mayan sih tp tadi emang laper terus sekalian beli 2 biar dapet potongan shopeefood wkwkwk,mayan sih tp tadi emang laper terus sekalian beli biar dapet potongan shopeefood wkwkwk,mayan tp emang laper beli dapet potongan shopeefood wkwkwk,"['mayan', 'tp', 'emang', 'laper', 'beli', 'dapet', 'potongan', 'shopeefood', 'wkwkwk']",mayan tapi emang laper beli dapat potongan shopeefood tertawa,"['mayan', 'tapi', 'emang', 'laper', 'beli', 'dapat', 'potong', 'shopeefood', 'tertawa']"
"yg mau dibeli pulsa, knp malah jd pesen shopeefood...","yg mau dibeli pulsa, knp malah jd pesen shopeefood...",yg mau dibeli pulsa knp malah jd pesen shopeefood,dibeli pulsa knp pesen shopeefood,"['dibeli', 'pulsa', 'knp', 'pesen', 'shopeefood']",dibeli pulsa knp pesan shopeefood,"['beli', 'pulsa', 'knp', 'pesan', 'shopeefood']"
"Ya allah w bercita2 bawa keluarga liburan ke bali, tapi pesen makan aja mikirnya setengah matiü•¥ bandingin harga grabfood,shopeefood ama gofood ampe puyengü•≤","ya allah w bercita2 bawa keluarga liburan ke bali, tapi pesen makan aja mikirnya setengah matiü•¥ bandingin harga grabfood,shopeefood ama gofood ampe puyengü•≤",ya allah w bercita bawa keluarga liburan ke bali tapi pesen makan aja mikirnya setengah mati bandingin harga grabfoodshopeefood ama gofood ampe puyeng,allah w bercita bawa keluarga liburan bali pesen makan mikirnya mati bandingin harga grabfoodshopeefood ama gofood ampe puyeng,"['allah', 'w', 'bercita', 'bawa', 'keluarga', 'liburan', 'bali', 'pesen', 'makan', 'mikirnya', 'mati', 'bandingin', 'harga', 'grabfoodshopeefood', 'ama', 'gofood', 'ampe', 'puyeng']",allah saya bercita bawa keluarga liburan bali pesan makan mikirnya mati bandingin harga grabfoodshopeefood ama gofood ampe puyeng,"['allah', 'saya', 'cita', 'bawa', 'keluarga', 'libur', 'bal', 'pesan', 'makan', 'mikirnya', 'mati', 'bandingin', 'harga', 'grabfoodshopeefood', 'ama', 'gofood', 'ampe', 'puyeng']"
Dapat order piktif üò¢üò¢ #ShopeeFood https://t.co/HBspUNQ8UN,dapat order piktif üò¢üò¢ #shopeefood https://t.co/hbspunq8un,dapat order piktif,order piktif,"['order', 'piktif']",order piktif,"['order', 'piktif']"
"Share &amp; Tag promo ini ke teman-temanmu yuk. Berlaku untuk Dine In, Take Away, Drive Thru serta Delivery atau bisa juga pesan di GrabFood, GoFood dan ShopeeFood ya McD‚Äôers! üòÅ","share &amp; tag promo ini ke teman-temanmu yuk. berlaku untuk dine in, take away, drive thru serta delivery atau bisa juga pesan di grabfood, gofood dan shopeefood ya mcd‚Äôers! üòÅ",share amp tag promo ini ke temantemanmu yuk berlaku untuk dine in take away drive thru serta delivery atau bisa juga pesan di grabfood gofood dan shopeefood ya mcders,share tag promo temantemanmu yuk berlaku dine in take away drive thru delivery pesan grabfood gofood shopeefood mcders,"['share', 'tag', 'promo', 'temantemanmu', 'yuk', 'berlaku', 'dine', 'in', 'take', 'away', 'drive', 'thru', 'delivery', 'pesan', 'grabfood', 'gofood', 'shopeefood', 'mcders']",share tag promo temantemanmu yuk berlaku dine in take away drive thru delivery pesan grabfood gofood shopeefood mcders,"['share', 'tag', 'promo', 'temantemanmu', 'yuk', 'laku', 'dine', 'in', 'take', 'away', 'drive', 'thru', 'delivery', 'pesan', 'grabfood', 'gofood', 'shopeefood', 'mcders']"
"SATGAS SHOPEE... SATUAN GARPU SENDOK... 
#shopeefood
#ojol
#nyopee
#food https://t.co/JoOUo3jcMA","satgas shopee... satuan garpu sendok... 
#shopeefood
#ojol
#nyopee
#food https://t.co/joouo3jcma",satgas shopee satuan garpu sendok,satgas shopee satuan garpu sendok,"['satgas', 'shopee', 'satuan', 'garpu', 'sendok']",satgas shopee satuan garpu sendok,"['satgas', 'shopee', 'satu', 'garpu', 'sendok']"
Shopeefood sekarang naik sepeda uyy ü§£‚úå https://t.co/GPAV6HQD78,shopeefood sekarang naik sepeda uyy ü§£‚úå https://t.co/gpav6hqd78,shopeefood sekarang naik sepeda uyy,shopeefood sepeda uyy,"['shopeefood', 'sepeda', 'uyy']",shopeefood sepeda uyy,"['shopeefood', 'sepeda', 'uyy']"
beli apa ya di shopeefood,beli apa ya di shopeefood,beli apa ya di shopeefood,beli shopeefood,"['beli', 'shopeefood']",beli shopeefood,"['beli', 'shopeefood']"
parenting guide by shopeefood no acapkali dan ita itu https://t.co/HTamXA0vxI,parenting guide by shopeefood no acapkali dan ita itu https://t.co/htamxa0vxi,parenting guide by shopeefood no acapkali dan ita itu,parenting guide by shopeefood no acapkali ita,"['parenting', 'guide', 'by', 'shopeefood', 'no', 'acapkali', 'ita']",parenting guide by shopeefood no acapkali ita,"['parenting', 'guide', 'by', 'shopeefood', 'no', 'acapkali', 'ita']"
Kenap kalo tiap order shopeefood drivernya gemes gini üòä sehat terus mbaknya yaa https://t.co/XrdocWWUrq,kenap kalo tiap order shopeefood drivernya gemes gini üòä sehat terus mbaknya yaa https://t.co/xrdocwwurq,kenap kalo tiap order shopeefood drivernya gemes gini sehat terus mbaknya yaa,kenap order shopeefood drivernya gemes gini sehat mbaknya yaa,"['kenap', 'order', 'shopeefood', 'drivernya', 'gemes', 'gini', 'sehat', 'mbaknya', 'yaa']",kenap order shopeefood drivernya gemes gini sehat mbaknya yaa,"['kenap', 'order', 'shopeefood', 'drivernya', 'gemes', 'gin', 'sehat', 'mbak', 'yaa']"
@acut11x @deyyins88 Lucu banget ah‚Ä¶sistemnya belom sempurna kali tuh‚Ä¶ emang sih aku nya budak shopeefood banget,@acut11x @deyyins88 lucu banget ah‚Ä¶sistemnya belom sempurna kali tuh‚Ä¶ emang sih aku nya budak shopeefood banget,lucu banget ahsistemnya belom sempurna kali tuh emang sih aku nya budak shopeefood banget,lucu banget ahsistemnya belom sempurna kali emang budak shopeefood banget,"['lucu', 'banget', 'ahsistemnya', 'belom', 'sempurna', 'kali', 'emang', 'budak', 'shopeefood', 'banget']",lucu banget ahsistemnya belom sempurna kali emang budak shopeefood banget,"['lucu', 'banget', 'ahsistemnya', 'bom', 'sempurna', 'kali', 'emang', 'budak', 'shopeefood', 'banget']"
"Serem gaksi kalo doa lu dikabulin instantly? Jadi gue habis pesen di shopeefood. Terus gak lama kemudian tiba2 ujan deres dan posisi abangnya udah otw. Terus gue berdoa, ngucapin berkali-kali ujanya stop dulu. Kasian abangnya üò≠ ntar kalo abangnya udah baling, boleh ujan lagi","serem gaksi kalo doa lu dikabulin instantly? jadi gue habis pesen di shopeefood. terus gak lama kemudian tiba2 ujan deres dan posisi abangnya udah otw. terus gue berdoa, ngucapin berkali-kali ujanya stop dulu. kasian abangnya üò≠ ntar kalo abangnya udah baling, boleh ujan lagi",serem gaksi kalo doa lu dikabulin instantly jadi gue habis pesen di shopeefood terus gak lama kemudian tiba ujan deres dan posisi abangnya udah otw terus gue berdoa ngucapin berkalikali ujanya stop dulu kasian abangnya ntar kalo abangnya udah baling boleh ujan lagi,serem gaksi doa lu dikabulin instantly gue habis pesen shopeefood ujan deres posisi abangnya udah otw gue berdoa ngucapin berkalikali ujanya stop kasian abangnya ntar abangnya udah baling ujan,"['serem', 'gaksi', 'doa', 'lu', 'dikabulin', 'instantly', 'gue', 'habis', 'pesen', 'shopeefood', 'ujan', 'deres', 'posisi', 'abangnya', 'udah', 'otw', 'gue', 'berdoa', 'ngucapin', 'berkalikali', 'ujanya', 'stop', 'kasian', 'abangnya', 'ntar', 'abangnya', 'udah', 'baling', 'ujan']",serem gaksi doa lu dikabulin instantly saya habis pesan shopeefood ujan deres posisi abangnya udah otw saya berdoa ngucapin berkalikali ujanya stop kasian abangnya ntar abangnya udah baling ujan,"['rem', 'gaksi', 'doa', 'lu', 'dikabulin', 'instantly', 'saya', 'habis', 'pesan', 'shopeefood', 'ujan', 'deres', 'posisi', 'abang', 'udah', 'otw', 'saya', 'doa', 'ngucapin', 'berkalikali', 'ujanya', 'stop', 'kasi', 'abang', 'ntar', 'abang', 'udah', 'baling', 'ujan']"
@vynenitsuga @deyyins88 EHHH IYA SAMAA AKU JG GRGR PK PROMO SHOPEEFOOD WKWKWKWK,@vynenitsuga @deyyins88 ehhh iya samaa aku jg grgr pk promo shopeefood wkwkwkwk,ehhh iya samaa aku jg grgr pk promo shopeefood wkwkwkwk,ehhh iya samaa jg grgr pk promo shopeefood wkwkwkwk,"['ehhh', 'iya', 'samaa', 'jg', 'grgr', 'pk', 'promo', 'shopeefood', 'wkwkwkwk']",ehhh iya samaa jg grgr pk promo shopeefood wkwkwkwk,"['ehhh', 'iya', 'samaa', 'jg', 'grgr', 'pk', 'promo', 'shopeefood', 'wkwkwkwk']"
@acut11x @vynenitsuga @ShopeeCare pelanggarannya karena pake promo shopeefood? Lah aneh bgt guna nya promo bisa di klik apa dong kalau ternyata waktu makai bikin akun kebatasi,@acut11x @vynenitsuga @shopeecare pelanggarannya karena pake promo shopeefood? lah aneh bgt guna nya promo bisa di klik apa dong kalau ternyata waktu makai bikin akun kebatasi,pelanggarannya karena pake promo shopeefood lah aneh bgt guna nya promo bisa di klik apa dong kalau ternyata waktu makai bikin akun kebatasi,pelanggarannya pake promo shopeefood aneh bgt promo klik makai akun kebatasi,"['pelanggarannya', 'pake', 'promo', 'shopeefood', 'aneh', 'bgt', 'promo', 'klik', 'makai', 'akun', 'kebatasi']",pelanggarannya pake promo shopeefood aneh bgt promo klik makai akun kebatasi,"['langgar', 'pake', 'promo', 'shopeefood', 'aneh', 'bgt', 'promo', 'klik', 'maka', 'akun', 'batas']"
pak shopeefood sampean kok lucuü§£ https://t.co/nIKLywI7rb,pak shopeefood sampean kok lucuü§£ https://t.co/niklywi7rb,pak shopeefood sampean kok lucu,shopeefood sampean lucu,"['shopeefood', 'sampean', 'lucu']",shopeefood sampean lucu,"['shopeefood', 'sampean', 'lucu']"
"Jog

Mas mbak, ada yg driver shopeefood? aku mau tanya"", kalau boleh like atau rep nanti ku ketuk dm, terimakasih.","jog

mas mbak, ada yg driver shopeefood? aku mau tanya"", kalau boleh like atau rep nanti ku ketuk dm, terimakasih.",jog mas mbak ada yg driver shopeefood aku mau tanya kalau boleh like atau rep nanti ku ketuk dm terimakasih,jog mas mbak driver shopeefood like rep ku ketuk dm terimakasih,"['jog', 'mas', 'mbak', 'driver', 'shopeefood', 'like', 'rep', 'ku', 'ketuk', 'dm', 'terimakasih']",jog mas mbak driver shopeefood like rep ku ketuk dm terimakasih,"['jog', 'mas', 'mbak', 'driver', 'shopeefood', 'like', 'rep', 'ku', 'ketuk', 'dm', 'terimakasih']"
"5. Ayam bakar paijo

ini ayam bakarnya enakkkk, bumbunya meresap smpe ketulang, sambelnya jg enakkkk, lembut ayamnya dan potongannya gede2 harganya cm 18rb, bisa gofud shopeefood dan grabfood.","5. ayam bakar paijo

ini ayam bakarnya enakkkk, bumbunya meresap smpe ketulang, sambelnya jg enakkkk, lembut ayamnya dan potongannya gede2 harganya cm 18rb, bisa gofud shopeefood dan grabfood.",ayam bakar paijo ini ayam bakarnya enakkkk bumbunya meresap smpe ketulang sambelnya jg enakkkk lembut ayamnya dan potongannya gede harganya cm rb bisa gofud shopeefood dan grabfood,ayam bakar paijo ayam bakarnya enakkkk bumbunya meresap smpe ketulang sambelnya jg enakkkk lembut ayamnya potongannya gede harganya cm rb gofud shopeefood grabfood,"['ayam', 'bakar', 'paijo', 'ayam', 'bakarnya', 'enakkkk', 'bumbunya', 'meresap', 'smpe', 'ketulang', 'sambelnya', 'jg', 'enakkkk', 'lembut', 'ayamnya', 'potongannya', 'gede', 'harganya', 'cm', 'rb', 'gofud', 'shopeefood', 'grabfood']",ayam bakar paijo ayam bakarnya enakkkk bumbunya meresap smpe ketulang sambelnya jg enakkkk lembut ayamnya potongannya gede harganya cm rb gofud shopeefood grabfood,"['ayam', 'bakar', 'paijo', 'ayam', 'bakar', 'enakkkk', 'bumbu', 'resap', 'smpe', 'tulang', 'sambelnya', 'jg', 'enakkkk', 'lembut', 'ayam', 'potong', 'gede', 'harga', 'cm', 'rb', 'gofud', 'shopeefood', 'grabfood']"
Belum aktif sih tapi gilak iam proud of myself!! Keren bgt pake jaket oren begini???? Bahkan ibuku bangga anaknya jadi driver shopeefoodüòùü•∫‚ù§Ô∏è‚ù§Ô∏è‚ù§Ô∏è‚ù§Ô∏è https://t.co/kexwQkawhY,belum aktif sih tapi gilak iam proud of myself!! keren bgt pake jaket oren begini???? bahkan ibuku bangga anaknya jadi driver shopeefoodüòùü•∫‚ù§Ô∏è‚ù§Ô∏è‚ù§Ô∏è‚ù§Ô∏è https://t.co/kexwqkawhy,belum aktif sih tapi gilak iam proud of myself keren bgt pake jaket oren begini bahkan ibuku bangga anaknya jadi driver shopeefood,aktif gilak iam proud of myself keren bgt pake jaket oren ibuku bangga anaknya driver shopeefood,"['aktif', 'gilak', 'iam', 'proud', 'of', 'myself', 'keren', 'bgt', 'pake', 'jaket', 'oren', 'ibuku', 'bangga', 'anaknya', 'driver', 'shopeefood']",aktif gilak iam proud of myself keren bgt pake jaket oren ibuku bangga anaknya driver shopeefood,"['aktif', 'gilak', 'iam', 'proud', 'of', 'myself', 'keren', 'bgt', 'pake', 'jaket', 'oren', 'ibu', 'bangga', 'anak', 'driver', 'shopeefood']"
@darjofess Gofood shopeefood seng biasanya tak pke grabfood pelit ambek aku diskone gk enak,@darjofess gofood shopeefood seng biasanya tak pke grabfood pelit ambek aku diskone gk enak,gofood shopeefood seng biasanya tak pke grabfood pelit ambek aku diskone gk enak,gofood shopeefood seng pke grabfood pelit ambek diskone gk enak,"['gofood', 'shopeefood', 'seng', 'pke', 'grabfood', 'pelit', 'ambek', 'diskone', 'gk', 'enak']",gofood shopeefood seng pke grabfood pelit ambek diskone tidak enak,"['gofood', 'shopeefood', 'seng', 'pke', 'grabfood', 'pelit', 'ambek', 'diskone', 'tidak', 'enak']"
"@thiirwall akun gue dibatasi jadi ga bisa login, tadi nelfon cs nyaa katanya ada pelanggaran promo shopeefood? gatau gue jg bingung padahal baru jg pake kemaren... ga paham :/","@thiirwall akun gue dibatasi jadi ga bisa login, tadi nelfon cs nyaa katanya ada pelanggaran promo shopeefood? gatau gue jg bingung padahal baru jg pake kemaren... ga paham :/",akun gue dibatasi jadi ga bisa login tadi nelfon cs nyaa katanya ada pelanggaran promo shopeefood gatau gue jg bingung padahal baru jg pake kemaren ga paham,akun gue dibatasi login nelfon cs nyaa pelanggaran promo shopeefood gatau gue jg bingung jg pake kemaren paham,"['akun', 'gue', 'dibatasi', 'login', 'nelfon', 'cs', 'nyaa', 'pelanggaran', 'promo', 'shopeefood', 'gatau', 'gue', 'jg', 'bingung', 'jg', 'pake', 'kemaren', 'paham']",akun saya dibatasi login nelfon cs nyaa pelanggaran promo shopeefood gatau saya jg bingung jg pake kemaren paham,"['akun', 'saya', 'batas', 'login', 'nelfon', 'cs', 'nyaa', 'langgar', 'promo', 'shopeefood', 'gatau', 'saya', 'jg', 'bingung', 'jg', 'pake', 'kemaren', 'paham']"
@shopeefood_id gimana mau nunggu abang shopeefood kalo belom gajian xixixii,@shopeefood_id gimana mau nunggu abang shopeefood kalo belom gajian xixixii,id gimana mau nunggu abang shopeefood kalo belom gajian xixixii,id gimana nunggu abang shopeefood belom gajian xixixii,"['id', 'gimana', 'nunggu', 'abang', 'shopeefood', 'belom', 'gajian', 'xixixii']",id gimana nunggu abang shopeefood belom gajian xixixii,"['id', 'gimana', 'nunggu', 'abang', 'shopeefood', 'bom', 'gaji', 'xixixii']"
Abis order shopeefood buat ortu trus mau order makan buat diri sendiri karena belom makan dari siang abis kerja eh begini sosad @ShopeeID @ShopeeCare https://t.co/gDPcOhf02D,abis order shopeefood buat ortu trus mau order makan buat diri sendiri karena belom makan dari siang abis kerja eh begini sosad @shopeeid @shopeecare https://t.co/gdpcohf02d,abis order shopeefood buat ortu trus mau order makan buat diri sendiri karena belom makan dari siang abis kerja eh begini sosad,abis order shopeefood ortu trus order makan belom makan siang abis kerja eh sosad,"['abis', 'order', 'shopeefood', 'ortu', 'trus', 'order', 'makan', 'belom', 'makan', 'siang', 'abis', 'kerja', 'eh', 'sosad']",abis order shopeefood ortu trus order makan belom makan siang abis kerja eh sosad,"['abis', 'order', 'shopeefood', 'ortu', 'trus', 'order', 'makan', 'bom', 'makan', 'siang', 'abis', 'kerja', 'eh', 'sosad']"
"@kertas_angin @ShopeeID @shopeefood_id Trus kelanjutannya gimana kak?:( aku baru minggu2 ini kena order fiktif, ud call cs nya tp belibet , cht di app udh, dm udah tp ga ada titik temu","@kertas_angin @shopeeid @shopeefood_id trus kelanjutannya gimana kak?:( aku baru minggu2 ini kena order fiktif, ud call cs nya tp belibet , cht di app udh, dm udah tp ga ada titik temu",angin id trus kelanjutannya gimana kak aku baru minggu ini kena order fiktif ud call cs nya tp belibet cht di app udh dm udah tp ga ada titik temu,angin id trus kelanjutannya gimana kak minggu kena order fiktif ud call cs tp belibet cht app udh dm udah tp titik temu,"['angin', 'id', 'trus', 'kelanjutannya', 'gimana', 'kak', 'minggu', 'kena', 'order', 'fiktif', 'ud', 'call', 'cs', 'tp', 'belibet', 'cht', 'app', 'udh', 'dm', 'udah', 'tp', 'titik', 'temu']",angin id trus kelanjutannya gimana kak minggu kena order fiktif ud call cs tapi belibet cht app udh dm udah tapi titik temu,"['angin', 'id', 'trus', 'lanjut', 'gimana', 'kak', 'minggu', 'kena', 'order', 'fiktif', 'ud', 'call', 'cs', 'tapi', 'belibet', 'cht', 'app', 'udh', 'dm', 'udah', 'tapi', 'titik', 'temu']"
Emg ada ya bapak bapak namanya Emma? Heran ih tiap jajan di shopeefood gue dipanggil pak mulu üò≠üò©,emg ada ya bapak bapak namanya emma? heran ih tiap jajan di shopeefood gue dipanggil pak mulu üò≠üò©,emg ada ya bapak bapak namanya emma heran ih tiap jajan di shopeefood gue dipanggil pak mulu,emg namanya emma heran ih jajan shopeefood gue dipanggil mulu,"['emg', 'namanya', 'emma', 'heran', 'ih', 'jajan', 'shopeefood', 'gue', 'dipanggil', 'mulu']",emg namanya emma heran ih jajan shopeefood saya dipanggil mulu,"['emg', 'nama', 'emma', 'heran', 'ih', 'jajan', 'shopeefood', 'saya', 'panggil', 'mulu']"
"Nasi Goreng Tiga De Nok - Palmerah sekarang ada di ShopeeFood! Pesan Sekarang, langsung diantar. https://t.co/WnLvfcwVNg https://t.co/CStux6fluk","nasi goreng tiga de nok - palmerah sekarang ada di shopeefood! pesan sekarang, langsung diantar. https://t.co/wnlvfcwvng https://t.co/cstux6fluk",nasi goreng tiga de nok palmerah sekarang ada di shopeefood pesan sekarang langsung diantar,nasi goreng de nok palmerah shopeefood pesan langsung diantar,"['nasi', 'goreng', 'de', 'nok', 'palmerah', 'shopeefood', 'pesan', 'langsung', 'diantar']",nasi goreng de nok palmerah shopeefood pesan langsung diantar,"['nasi', 'goreng', 'de', 'nok', 'palmerah', 'shopeefood', 'pesan', 'langsung', 'antar']"
ajarin gimana cara make shopeefood,ajarin gimana cara make shopeefood,ajarin gimana cara make shopeefood,ajarin gimana make shopeefood,"['ajarin', 'gimana', 'make', 'shopeefood']",ajarin gimana make shopeefood,"['ajarin', 'gimana', 'make', 'shopeefood']"
