tweet_id,tweet_text,polarity
1,Good night #Twitter Off(:,neutral
2,@DerekHousman holler boooooo! haha I founnndddd you ,positive
3,"goddamn you Danny, i started your video then realize its 11 fucking minutes, I WANNA GO TO BED!!! lol i do love his Video Diaries though! ",positive
4,@aikabelle LOL yeah at least if you're watching that stuff... Don't tell anybody ,positive
5,@hzell good luck!!!! ,positive
6,@pepstein Type it on the blog post and print it ,positive
7,"Anxiously awaiting June 28th, it  can not come soon enough (my graduation ceremony).  Am not looking forward to the 10th end of my break ",negative
8,JOIN OUR #TT ON #TWITTER FOLLOW @ThisIsYungFRESH & @macDej #TT #RatchetSymptoms,neutral
9,@starrkissed hope you feel better  J,positive
10,"@levimorales glad you liked! That Henry Ford had a good idea every now and then, didn't he? ",positive
11,@materialBITCH totally real! Theres no way that was faked! Aweosme though  HA,positive
12,"RT @SharonHayes: Top 50 #Twitter Acronyms, Abbreviations and InitialismsÂ http://t.co/nEqHcJsYÂ Â /via @ruhanirabin",neutral
13,"soon, i'm going to bed ",positive
14,"@kameelahwrites phew! all that hair, gyal! ",positive
15,New #microsoft #WindowsLiveBook V2 Mobile Video + #GraphicsWorkstation http://t.co/LcUvLvAd,neutral
16,@islandnene83 well you didnt even consult me to see what my plans were. maybe they changed...and they did. so thanks.   ,negative
17,There is a chance? #Microsoft and #Mobile http://t.co/p4ChgGwg,neutral
18,"@esotericsean heh, thanks for advertising my skills ",positive
19,sitting here watching a lovely young man watch anime on youtube   Sweet  He's so interesting ,positive
20,"@ma_shinka go on, Mary's listening ",positive
21,RT @The_Kase Do real thugs have #twitter? #confusedbymytimeline  // Hell no.,neutral
22,#Twitter after dark! #GoodNight!! an yall thought a was abt to get #Nasty!!lol,neutral
23,Ok bed time. I wish I didn't have an exam on thursday otherwise I would just go around harassing people to vote! lol. Night guys! ,positive
24,@darkknight808 okay! I think little oven again on wednesday!  7-9pm?,positive
25,@BADDchikkENT See What I Mean #Twitter o_O,neutral
26,Downy weather  Where's the summer?,negative
27,"I just installed the new Twidroyd for #Twitter on my #Android Phone - It's #Free, give it a try. http://t.co/Xm2blIfC",neutral
28,Wants her camera back! ,negative
29,tks pa 4 &quot;tapauing&quot; croissant tuna knowing dat Ive back-to-back meetings since morning  &amp; Zuraidah tks 4 buying my FAV STARBUCK MOCHA FRAP,negative
30,RT @Its_kcheese: some stuff you only find on #TWITTER lolz,neutral
31,tired  i need a regular 9-5,negative
32,@JonathanRKnight how does it feel to have thousands of girls anwering ur every twitter? Must be cool ,positive
33,#Microsoft anuncia SQL Server ODBC Driver para Linux! http://t.co/kDbNjYyB  #MS #Linux #Opensource #SQL #Softwarelibre,neutral
34,Tomorrow is my friday!  +it's a late day for me. Thank goodness. ,positive
35,@oliyoung But that requires assembly! Assembly is completely overrated tonight. This is harder than I thought ,negative
36,The Super Red Diva !!!  Stupid University ,positive
37,"@runawaystarling unfort, msn is a douche and a half to me ",negative
38,@scarletjac but not good for me close to my current challenge ,positive
39,misses David actually ,negative
40,yeah guys i will totally bring dublin to the party. he would love the company. ,positive
41,"@Craftysince1990 Lol, that's sweet! I bought tickets last year &amp;&amp; my PartnerInCrime flaked so I didn't end up going  but this, FOR SURE!",negative
42,"@hwaiting oh it's a random game lol im addicted with that, don't be afraid, join and be my pupil ",positive
43,hitting the gym! afterwards looking forward to rewiring my studio... yet again ,negative
44,"""#twitter's dumb, I don't like it.""  Hush up, Justin.",neutral
45,Facebook is becoming trashier and trashier #twitter,neutral
46,@DonnieWahlberg 8 more days Wahlberg.. .then it's YOU and ME !!    Finally!!!,positive
47,&lt;------ Branded ,positive
48,"@chazdrums if i know how to do something, and have time... Its so easy to answer ",positive
49,"Oh dear, all the pups died 1 by 1 last night, perhaps it was because Princess rejected them ",negative
50,"ugh, just read on #CNN that they found the Cantu girl's body in a pond near their home. How terrible for her family ",negative
51,Out of my 7 months of actually gettin on #Twitter. I've only been in #TwitterJail lik 3 times.... #ThugLife! They were long sentences! Lol:),neutral
52,"I M La Boheme: NSFW hey guys, spread the word! the green party is in town!  ï¿½I...: hey guy.. http://tinyurl.com/dlevo2",positive
53,be the change you wish to see in the world ,positive
54,"Top 50 #Twitter Acronyms, Abbreviations and InitialismsÂ http://t.co/nEqHcJsYÂ Â /via @ruhanirabin",neutral
55,@momentbymoment1 - I'm sure you and your site will! ,positive
56,"@josordoni yeah it was good news, a y combinator interview next week! dunno bout the oyster, will just suck it up I guess ",positive
57,@ycsing that's nicki our monday night drag queen... ,positive
58,"#Recruiting Tip: Ask yourself: why am I not building my personal brand on #LinkedIn, #Twitter, and #Facebook?",neutral
59,@pilvlp My luck I'd probably get stopped by a cop or something stupid!  ,negative
60,Is feeling like dancing in the rain like a pixie......but the rain stopped  ohh well....lol I'll watch flight of the conchords instead,negative
61,"juggernaut, dr. doom, magneto, &amp; xavier!  ahahah today was a good day n__n",positive
62,i miss @sebby_peek ,negative
63,@nicolerichie Yea I remember it ,positive
64,#Twitter OFF â˜‘,neutral
65,#Microsoft tests and proves #AppSense enterprise scalability! 78K users on one personalization DB - http://t.co/LwFLXASL,neutral
66,"@SilkCharm re: #nbn as someone already said, does fiber to the home mean we will all at least be regular now ",positive
67,Put your twitter on autopilot and let it gain followers for you!! http://t.co/hze1TqAl #TeamFollowBack #Twitter #autopilot #1000aday 1,neutral
68,@childhoodflames whats wrong! ,neutral
69,wow good old classic #HoodMemories some #Classic moments there i had to share on #Twitter,neutral
70,"Omni Touch Screen System: going beyond the ""touch screens"" http://t.co/SH2fCwuS  #Featured #Tech&amp;Gadgets #Microsoft #Omnitouch",neutral
71,"@Jenn_Brown haha no, i'm going to play some COD 4 now ",positive
72,#twitter #OFF,neutral
73,"Its 11:56 &amp;, im going to sleep now &gt;.&lt; O&#39;well :) good night #Twitter .",neutral
74,... or so I thought....  ,negative
75,RT @KattWilliams__: #IReallyHateWhenPeople TyP3 L!k3 tH!S Or #Use #Hashtags #In #Every #Word #On #Twitter,neutral
76,RT @OKadeState: @Paigemorse1 tweeted!  Its official she is still alive #Twitter,neutral
77,"@DanniAsheOnline I think that would work nicely gurl! go for it! I believe many, many people would sign up! ",positive
78,RT @x_JustLucky_x: I don't know why I even bother checking FB anymore. I stare for two minutes and just log off lol #Twitter&gt;Fb,neutral
79,"@ninjen G'Night, youngster. Rest well. ",positive
80,is tooooooooo cold. ,negative
81,@LoriGama that's most excellent  lotsa people loving you hehe *Winks*,positive
82,I might call it a night goodnight #twitter,neutral
83,GN #TWITTER,neutral
84,@LFTA Got me what again? I'm sorry I can't understand ur last tweet ,negative
85,Stupid 3 year project! feels like you've conquered something then you realised it's only 1 year down ,negative
86,Being able to share our thoughts with the world is awesome&gt;&gt;Hooray for #Twitter,neutral
87,"@LizDinkel lol, I figured as much...but you never know. We don't talk anymore, maybe you became easily offended... ",negative
88,RT @cmaneu: #stage #Toulouse #Microsoft #net #SuperBoÃ®te #Win8 #geeks = http://t.co/7UHSLQII (Please RT ;),neutral
89,@lisaholmes you can buy my fiances duplex in Terwillegar ,positive
90,@KristenjStewart just watched the trailer for adventureland on itunes looks so funny!! pity i don't think we get it in Australia ,negative
91,"@Hail_Mary_Jane They banned me so I can't help you myself, hopefully others will ",positive
92,@jamiegirl9 you silly goose...taking the cleveland browns to the superbowl eh?  i'm rootin for ya! ,positive
93,"RT @elishiawindfohr: #Twitter: Each second there are 2900 new tweets, for a total of 250 million per day and 7.5 billion per month. Rate ...",neutral
94,booiiiii twitter,neutral
95,cant wait for the hillssssss ! ,negative
96,"@ballookey Recoil pal? I'm a guy like me!  I will grab this up online tomorrow, currently texting from bed like a moron.",positive
97,and so the editing of 3000 wedding shots begins ,negative
98,"Gonna Crash Out Pretty Tired, Night #Twitter&lt;3",negative
99,#Twitter to Reformat All URLs With T.co	http://t.co/jnmnbs9W,neutral
100,On leave today.. taking care of the baby. He is going to be 8 months old ,positive
101,Uploading the greatest cartoon from the Newspaper ever - regarding Twitter. ,positive
102,@caitlindean You should never regret. Things happen for a reason. Figuring out what that reason was is the hard part. Use your friends. ,positive
103,Fuck la circulation ce mat1 ,negative
104,@christy8_77 and just when did you arrive? hiya girlie ,positive
105,"It was quick, but exhausting. 1 day @ a time ",positive
106,"I'm adding my fellow PFers.  Nice to see so many of us here, too! ",positive
107,"Chewie update. OCD in left legs fixed, but possible OCD in Right leg as well, and worse still hip dysplasia in both hips  Not good...",negative
108,listening to then by Brad Paisley! ,positive
109,@pelf81 but work is demanding for so much more ,negative
110,@yopatrizzle Not sure to tell u the truth  it's been so long since I've seen him but ask Sumo's daddy @PAULSKRATCH he has full custody lol,negative
111,RT @_Shelly: mm but yeo .. #twitter .. free up @_tashaaiWESTEND ! free up @_tashaaiWESTEND ! free up @_tashaaiWESTEND !,neutral
112,@DylawnWard 100 tweets already? Damn son #twitter #whore #twitwhore #gi #get #it?,neutral
113,â€œ@AppSenseTechie: #Microsoft tests and proves #AppSense enterprise scalability! 78K users on one personalization DB - http://t.co/jXhFHPTJâ€,neutral
114,on the coach  gonna be fun!,negative
115,"Thank you, me too. Looking forward to reviewing your book @WarrenWhitlock #twitter #authors #socialmedia",neutral
116,Morning everyone! Stuck in registration for a while then assembley! Nayyy ,negative
117,@mpeagler http://t.co/1EYtmczJ @GetGlue #Twitter,neutral
118,@sdownes1972 thx Stu will do! ,positive
119,"doesn't want to go to school tomorrow. it's the last day, but it's also twyla's day off ",negative
120,"Had a great lunch with one of my &quot;mums&quot; today, @christineirmler  It's her birthday tomorrow too so I got her a little something",positive
121,re-booting my room ,positive
122,there is link about how to enjoy dark chocolate within the post..  http://chai-coffee.blogspot.com/2009/04/chocolate-flavoured-math.html,positive
123,"my body's aching to rest, my mind's so freakin alert, my brain can't absorb a damn thing. but i must endure............ sike. gnite ",positive
124,"@JenWeedin listen here, @ShaunaWalters8 is new to #twitter and needs practice.  support her here brat!  #goodsamaritanswag",neutral
125,"@kworkman now that wifey works in a wine shop, I must know what my friends are drinking. Make with the details plz ",positive
126,anyone who reads my twitter is either very into education or bored le crazy! might throw in some naughty words to spruce my page up tehe ,positive
127,Put your twitter on autopilot and let it gain followers for you!! http://t.co/hze1TqAl #TeamFollowBack #Twitter #autopilot #1000aday 29,neutral
128,GN #Twitter.......z.z.z.z.z.z Z  Z z z z,neutral
129,Thanks to my new followers! ,neutral
130,#Microsoft Announces New â€œPlayful Learningâ€ Titles - Wired News : http://t.co/nN8oietT #av,neutral
131,@seanporter thank uuu! i know i heard youre in dallas ,positive
132,Good morning #twitter.,neutral
133,Can you say #twitter those #followers who are #following me??,neutral
134,Sent an email to one of my undergraduate professors - she replied back saying I made her day ,positive
135,@nanalipzz89 BabyKnightOwl  I won't call you Trudy if you don't want it lol I am fine why are you in a bad mood sweetheart?,positive
136,She now wants an mmmf except I have to only play a supporting role  would mind but the other two guys have huge cocks what am I to do? ,negative
137,@mandiebear I promise.I am so tired today I think it'll be an early one for me too. Tis 4pm &amp; I'm stuffed  #blib,positive
138,"@friendlypharm  too bad it's true, for the most part ",positive
139,my dog is in my room SNORING! ,positive
140,Got to do Spanish revision today ,negative
141,@secretfanofu big news Andrew: I'm moving up to SF at the end of the month! So making the most of my last month in LA. ,positive
142,Yahoo Profit Drops 26 Per Cent! http://t.co/Jd3X8SGM #yahoo #microsoft,neutral
143,@mrskutcher I keep forgetting you are in a different time zone than normal! I see your 'tweets' about the morning when it's 10:45pm here! ,positive
144,on my way home from a relaxing weekend  to bad it's back to reality :/,positive
145,Off to the doctor's today emily has a rash which looks like the measles ,negative
146,i had 7 hours of sleep and now i cant go back to sleeping  im thirsty,negative
147,@phillyan man ur picture is so small on my phone... I can't tell fropm that...give me a hint ,positive
148,RT @FierceCIO: What happens to #Skype now that it is officially #Microsoft's? http://t.co/9FzSH0RY $MSFT,neutral
149,Got to do it!RT @ElderMLTillerJr: I am cracking up at @BishopWSThomas advertising for #Twitter LOL,neutral
150,MS Outlook Quick Access Toolbar - How to customize - http://t.co/VzkEdZaC #tips #microsoft,neutral
151,I noticed a lot of Apple product placement tonight  #hhrs,positive
152,@ilvdbch yes I've met many a good one. The last one just kinda sucked ,positive
153, now I'm happy ,positive
154,I wanna make the goose bump on your inner thigh show twitter,neutral
155,"Ballmer mocks Android, promises a â€œbunch of newâ€ Nokia Windows Phones next week [video] http://t.co/euPPhD1w #microsoft #windows",neutral
156,"@tothepc Did you check out http://www.weboword.com We aren't a dictionary, but we are all about Visual Vocabulary!  Come have fun.",positive
157,"amidst all these recession talks, my friend told me yesterday that she got a pay hike  it sure is a nice to hear that.",positive
158,@JonathanRKnight Good luck with the cruise!! Your gonna need it! ,positive
159,@hitwithafish very nice pics! Such a cute family! ,positive
160,@shilshi older by a few days on twitter! let's see who puts a profile pic first ,positive
161,"Up early again. Work today, off tomorrow, course Thursday, off Friday. So not so bad! ",positive
162,Maybe if I jus listen to hawaiian music everyday my life will be more relaxing haha no? (via @lisakimfleming)worked for me ,positive
163,"OMG, more than 360 people is the death toll in Italy ",negative
164,Amazing that at #microsoft #TechEdAfrica everyone is running iOS phones !,neutral
165,Look closely at the sign   ?,positive
166,@gordonchiu You're one letter alway!    Koreans don't use &quot;X&quot; so there's no hope for me. ,positive
167,@lisalent As part of Freeview? We don't get the sports channel ,negative
168,Late night shower. Refreshing ,positive
169,@alissa_rules Basically.  I feel like I need to take better care of myself after seeing that fool.  No more juicin' for me ,negative
170,I gave @RyannosaurusRex +K about Microsoft Windows on @klout http://t.co/Y33v8wVr #klout #microsoft #windows,neutral
171,AHHHHHHH! Everyones doing laundry except me ,negative
172,Power to levitate?.... still negative. ,negative
173,"Packing, then airport off to Alaska  Please don't lose my luggage AlaskaAir!!!",positive
174,"#Microsoft #Cloud Microsoft - Capture the Cloud: ... through the Rookie, Veteran, and All-Star tiers provid... http://t.co/tnxYUxvA #TCN",neutral
175,@Laatina MONDAYS ARE WHAT YOU MAKE OF IT. ,positive
176,"hehe, I'm such a dork, but I like my hat anyway.  ",positive
177,#Facebook Y #Twitter Off xd,neutral
178,#TroyHopson needs a #twitter. Swear,neutral
179,"A lovely day, blazing sunshine.... too bad I have to work ",positive
180,At work...only 2 more days to go and then i am off for 7 more days  yay!!!,positive
181,New #snom Webinar Nov. 2: Accelerate #Microsoft #Lync Deployments with snom #UC. Register here http://t.co/B1pr1kIX #VARs #phones,neutral
182,"@CheapyD sweet, new episode of cagcast, thnx cheapy ",positive
183,I'm gonna be up for a while soinma be posting lost of tweets  just for you martha LOL,positive
184,@willadam i treated myself to that latte after the appointment which was horrible. I need to have my wisdom teeth surgically removed ,negative
185,is now using windows and tweetdeck... temporarily... ,neutral
186,"Steve Ballmer: #Nokia to reveal multiple #Windows Phone devices next week, #Microsoft may make their own - http://t.co/KnmpXSW0",neutral
187,@jacobstanton2 you're actually #toocool for #twitter :),neutral
188,RT @GP_Jman852: Hello New Followers! Reminder: 1000 followers = a 4000 #Microsoft point #Giveaway! #Xbox360 #XBL #XBLA #MW3 #COD RETWEET!,neutral
189,"RT @NeowinFeed: Microsoft CEO says company got ""lucky"" when Yahoo deal fell apart #microsoft #steveballmer http://t.co/l5uNInSW #neowin",neutral
190,â–º #Job #IT #Projekt #Management #Microsoft  | Projekt fÃ¼r Freelancer: Programm Manager (m/w) in Berlin Â» http://t.co/MO4jtpTL,neutral
191,@pointlesswords Sorry no credit - switched Jose for Xavier ,positive
192,is at work!!!  xx,negative
193,37 Ways to Use #Twitter for Business	http://t.co/MT9RdrCz,neutral
194,#Twitter Buzz Builds for the Occupy Wall Street Movement [CHARTS] http://t.co/DAr3Ef5T #uncategorized,neutral
195,"Had an interesting, really random day... I'm glad my friends have found it hilarious... keeps me goinig. ",positive
196,@Katnkyeri MAD RESPECT to you! ,positive
197,Got to pause twilight now as nearly at work ,negative
198,Megan is hanging out ,positive
199,@busybeeblogger I hope so too. More movies where we get to see his lil Gilles again hopefully ,positive
200,@bonnie_klide  I just think the cab ride through Sofia and the walk to class will be the most interesting part.  ,positive
201,My #twitter age is 1 year 243 days 22 hours 31 minutes 44 seconds. Find out yours at http://t.co/dniOkchP #twittertime,neutral
202,@ad1951 _if you really had something like the exchange w/ @maikwl  in mind beforehand than I admit being utterly and positively surprised ,positive
203,Finally off to bed..Nighty night #twitter world!,neutral
204,@mydesire thanks  next time I shall be better prepared LOL,positive
205,@thejoe78 sounds like you're enjoying pregnancy ,positive
206,"Perfectly ripe and fresh banana goes in the bag.. Arrive at office, it looks like it has been hit by a freight train. Poor banana ",negative
207,"Karate kid, skittles and cranberry juice. Goodnight #twitter",neutral
208,"wasn't impressed with the #iPhone4S and now not impressed with the #GalaxyNexus, so let's see what #Nokia - #Microsoft have to offer...",neutral
209,slept for 11 hours.. had been awake since 5.30am yesterday..  and still i was late for the exam  gotta wake up at 5 tomoro onwards ,negative
210,"@HeatherSullivan and, by the way, thanks for helping me define that better. ",positive
211,I can't believe it. I got my answer and didn't have to ask the question.  This feels awful.,negative
212,"@jennmae awesome.  home from work around 430, and then have to take the puppy out, then to Capones. ",positive
213,#MindTree Introduces mPromo #TradePromotion Solution on #Microsoft #Azure http://t.co/LkjHqrnR #CPG #CGT,neutral
214,talking to william ,positive
215,@zoecello Love the &quot;cello cave!&quot; I saw you at Convergence 13 and am glad to find you have a Twitter. Keep on being awesome. ,positive
216,losing time ,positive
217,"Yu cant answer , But yu can b on #Fb Nd #Twitter",neutral
218,#Microsoft Office v. X for Mac [Old Version] Review: Computer Software Plus  Education Computer Software Sales http://t.co/4GdWlnNM,neutral
219,It's almost 4:20. Where is your bong? Is it packed! Let's rip a bowl over the time space continuum that is #Twitter,neutral
220,RT @guardiantech: #Microsoft Kinect brings 'playful learning' to the Xbox 360 http://t.co/ys79quRD #Gaming,neutral
221,Adult swim #twitter,neutral
222,"believes i'm a twitter-whore. (twitterers Anonymous), T.A meetings here i come ",positive
223,@daygan Wow! This Ubuntu feature is really cool  ?? again! Got More??,positive
224,Oh noooooo Kath is back from Annual Leave!!!!!  du du duuuuuuuu!,negative
225,I just let my EverQuest 2 subscription lapse. Just don't play it anymore. Don't have the time ,negative
226,I can't believe @mr_malie504 is not on #Twitter,neutral
227,@cloudnewsindia New Version of #Cloud InTune is Available: Posted on #Windows 7 News...#Microsoft has just..http://bit.ly/pY0hlZ,neutral
228,"think im an insomniac, i just cant sleep..    birthday in 5 days... oh yay. ~_~",negative
229, Heroes is losing it's momentum ): come on writers pick it up!!!,negative
230,@DanniAsheOnline I wholeheartedly agree with you on that one! ,positive
231,@Croconaw goodnight ,neutral
232,"@stonedi Awww, you're so sweet. Thank you for the compliment ",positive
233,@stevonelson  I like that one. I've used it on a project here.,positive
234,"RT @SomalyMam: You follow me on #twitter, Like my #Foundation on #facebook http://t.co/acaP03y9! Together we can stop #humantrafficking",neutral
235,"@Eeoor - My pleasure! Let me know if you end up subbing, and what ",positive
236,"Studying philosophy and math... &lt;----BLAH aka listening to music and on twitter, facebook, and myspace ",positive
237,I'm on brookes computer on piczo and twitter watching viva la bam. ?luv it? its 1:00 am and still in my skinny jeans. ,positive
238,@chictopia Let me know what you think- I have a long list of other great designers ,positive
239,@JonathanRKnight Thought you were a Mac ,negative
240,"Goodnight, #Twitter.",neutral
241,Also getting alpaca and ima walk it ,positive
242,watching greek. cant believe its the last day ill see you guys.  june 20.... ahh.,negative
243,@XPhile1908 &quot;convenience&quot; of the remedy &lt;---That's just cuz you are a doc!  #24,positive
244,@derek319 @shwe370 sweet! That was fun... Except it stretched my browser... And I was watching Twit! ,positive
245,@AngelsMind hey hey. ,positive
246,Ha! Even #twitter is telling me we're meant to be!,neutral
247,"@point_moot Odd, I was just listening to the scotch_mist version of &quot;15 Step&quot; when you replied. ",positive
248,@triplejHack true off to the #startrekmovie world premiere soonish. enjoy talking about supa-fast interwebs with conroy ,positive
249,@sarahhjessica your seriously addicted 2 #twitter,neutral
250,tweeting from my brand new Sony PSP... just because I CAN!!  ,positive
251,Nothing was sick all day it sucked im just up late cant sleep ,negative
252,"@OnlineMigration me too!, although im still going  hehe",negative
253,@mattimassacre nice  yeah so wish I could afford those things,positive
254,just an hour and 25mins left of work and then jo and i are hitting the gym ,negative
255,High as a mother fucker I'm addicted to #Twitter can't even go to sleep lol,neutral
256,"I'll sleep well tonight.... If the missus doesn't kick me out for being so late home, that is ",positive
257,@vene2ia I know...what a crazy world! ,positive
258,RT @MobileTechWorld: Jet Car Stunts Xbox Live game for Windows Phone released http://t.co/csUC7hVH #wp7 #xbox #microsoft,neutral
259,Windows 7 Roadmap = #Windows #8 Roadmap: M3 final 6.1.6801 (7) and 6.2.8102 (8). #Beta at #CES? :O #Microsoft,neutral
260,"Can anyone please explain to us why the #Retweet ""issue"" is happening to many, but not to others? #twitter #tweeting #tweeps",neutral
261,Good morning everyone ,positive
262,Not even 8.30am and there's far too much noise in the office   Should have worked from home today.,negative
263,@brettbodine I'd email 'em back TMI ,positive
264,Wikipedia has gone  forever! See what the goverment do its there fualt lets hope donations or something bring it back !!,negative
265,@Vanilla_B ok miss kat williams lol ive done it ,positive
266,tafe quiz then PHOTOSHOOT with my sezdawg ,positive
267,@Cookcj I love reading your tweets but it would be nice to see your lovely mug when I read them. Where's your picture? ,positive
268,Uploading photos first before leaving ,positive
269,@vomitto ahh ai dreptate Pixar ,negative
270,@Coyoteontherun Bet I-  Oh wait Mac?  No prolly not. ,negative
271,#twitter and fb# off,neutral
272,I'm laying in bed facing the wall and trying to relax but I'm hearing so many things plus the air conditioning sound is so louad ,negative
273,@DChetty I feel that way about sleep. What's the point if I am just going to wake up in a few hours anyway! ,negative
274,@CelesteChong oh but mine is ceramic so its more ex  abit less visible. inside ones are very ex! double the price n double the duration,negative
275,@laurenrodriguez try it and see. it's all trial and error. ,positive
276,Studying with friends!  that's my update,positive
277,@dezine it's also amusing how many people who DID complain about Bush's spending are suddenly supportive of Obama's!  #tlot,positive
278,Yooooooo #twitter ! @NowThatsBASIC_ is the new #AmberCole who wanna go 1st ? ayyeee she does this shit for a living .,neutral
279,Mackie Manhattan is in the building ,positive
280,"Microsoft CEO says company got ""lucky"" when Yahoo deal fell apart #microsoft #steveballmer: Microsoft CEO Steve ... http://t.co/Zyetras0",neutral
281,Still feeling bleh... Spew burps and all ,negative
282,"@nick_carter you are my IDOL, i love you!  you should reply to me.. &lt;3",positive
283,ryanrossfanz  &lt;-- FOLLOW THEM!  Ryan is uber!,positive
284,Passed out last night while mum was puttin cream on my.tattoo ,negative
285,OMG .. Have to load up the iPOD off to Fresno tomorrow.. I need to stay entertained.  Leaving at 4 am urrrggg!,positive
286,CEO Ballmer's (non)answer on whether Microsoft will build its own Windows Phone #Ballmer #Microsoft #fb http://t.co/9GuMpF8V,neutral
287,"@willkuhn Granular synth tutorial = cute  Oh, and very informative, too.",positive
288,@MrPeterAndre 7 pounds is an awesome film ,positive
289,wanted to say nite  #twitter,neutral
290,"http://twitpic.com/2y3pg Not what I need for my current project, but THIS is ONE FUN &amp; FUNKY FONT! ",positive
291,"new jersey, here i come ",positive
292,"2 hours south of Richmond, VA --&gt; #Microsoft Builds Two-Headed Data Center in Fedsâ€™ Backyard http://t.co/aWwVVoDR #cloud #tech",neutral
293,watchin.. I'm not there. and missing heath ledger ,negative
294,I thought you could buy Silent Hill for the PSP on the PS Store? I can't find it anywhere? ,negative
295,is sooo proud with her bro! huhu.. he's so talentfull.. i wish i could do best like him.. ,negative
296,trying to figure this thing out ,negative
297,"@daNanner Yeah, just finished #castle.  Was pretty good. ",positive
298,@HeavyHand ,positive
299,Survived the night time gherkins.  Heads swimming with ideas this morning.  Only a few of them are actually workable. Time to get busy! ,positive
300,"@Shantymanfan I got your package! Wow, I'm so excited! My very own one! So, do I plant it in a pot for now, and water it till it grows? ",positive
301,RT @Lecko_alx: My #twitter age is 2 years 94 days 1 hour 40 minutes 33 seconds. Find out yours at http://t.co/spItzFcx #twittertime,neutral
302,My pinky toe has been broken for months. I should be concerned :| ,positive
303,"@azmamakim Now I get to take Ash to and from school   Mornings will be crazy, but my kiddos will love it!",positive
304,THANX ! @DesertBeacon @oldivory @bennettgina @yywhy #TWITTER Love and early #FF in case i cant see ! KEEP IT GOING ! #P2,neutral
305,waking up with my nespresso ,positive
306,"Today's episode of &quot;House&quot; (Episode, Simple Explanation) was so heartbreaking. ",negative
307,"@yannionline I wonder who directed, there's definitely an ipod commercial in their future. ",positive
308,Tired as ever! Ready for bed! ,negative
309,"@camillejaiden Dude.  Wow   Now I kind of sort of wished I'd gone, but still ehh.  $35 for 1 band.",positive
310,Can you add multiple queues to the workspace in MS CRM Online 2011? ..and how? #microsoft #crm #queues #customerservice,neutral
311,i don't wanna leave CO! 4:15 am is coming too soon!! ,negative
312,Mmmm.. Page France.. If you don't know them.. you should   lyrical brilliance,positive
313,"So sleepy and tired, going to bed! Nigh #Twitter !",neutral
314,Haha my house is creepy at night!!  It creaks and stuff..scary. lol..I'm gonna go to bed.,negative
315,I'm frankly disappointed and offended that there is a blogger writing AGAINST FU Penguin ,negative
316,i drew a cute baby zebra i think he is my favorite so far ,positive
317,Im such an insomniac this week ,negative
318,@darylsws kids are on holidays ,negative
319,late night is all re-runs  http://ff.im/1Y02L,positive
320,"Log off #Facebook On #Twitter , But I Think i'm bout to going to sleep...",neutral
321,@djginaturner no le gusta house of house 5 min intro ,negative
322,"@Dr_Alli Will Jack EVER die?! He's defied death more times than I can count...dude's got more lives than a cat, lol. ",positive
323,"@heidimontag Glad I could do my part! 1/185k worth...If you'd like to help me Conquer Twitter, I'd be grateful @jazf or http://jazf.com ",positive
324,I wishh #twitter would tell me who retweets my stuff.,neutral
325,is listening to an awesome song but i dnt no the name but i wanna upload it on limewire!!!!! ,negative
326,@Presidential_FU  do me wrong #twitter,neutral
327,@defsound aawwwww i know what u mean. iv never been that girl with a sense of humor ,negative
328,"A beautiful morning - the sun is shining, the birds are singing, I've just been playing Mousetrap with the kids... damn, now work ",negative
329,"I had my #Twitter account for like 3 years now.....and I only made 4,783 tweets? o_O",neutral
330,me and @maddeh are so in sync that both of our stummics hurt right now ,negative
331,@KingdomGuard @hothobolover I guess we will make him have guest appearance in ours then ,positive
332,M10135 Microsoft Course. RRP Â£1640 + VAT. Our Price = Â£1148 + VAT http://t.co/vOTLSnfX #ittraining #microsoft,neutral
333,@ShawnWildermuth  #gates #ballmer #nightAtTheRoxbury #microsoft That is so wild!,neutral
334,â€œ@Blue_Chipperz: This nigga need to go to #Twitter Jailâ€DAAAYUM DOG !! lOl,neutral
335,Please watch this vid and tell me if you are not moved  http://www.youtube.com/watch?v=EUJSME0TORw,negative
336,I'm on one tonight ...#tripping ! Lol eff yal ...its #twitter !,neutral
337,"sorry, I should say that this vid hits you hard, please beware the last 2 minutes especially  http://www.youtube.com/watch?v=EUJSME0TORw",negative
338,@adeline_sky  that sounds fantastic! You're amazing! We need to watch some Muse gigs too! Shall we do it Saturday night?,positive
339,I need 2 unfollow some of these wannabe G's! RT @SteveGr8ofTeeZ: RT @The_Kase Do real thugs have #twitter? #confusedbymytimeline  //Hell no.,neutral
340,RT @HPC_Guru: LINQ to #HPC: #Microsoft closes in on delivering its own #Hadoop competitor http://t.co/rsRmJPob #dryad #BigData via @mary ...,neutral
341,lol at dion putting eyedrops in his eyes ,positive
342,#Twitter is hella funny when got people on here you grew up with....lmao,neutral
343,@msaleem LOL not yet my brutha from anotha mutha ,positive
344,SO IT'S BEEN A LOOONG MINUTE twitter,neutral
345,Really wish I could see Eddie Izzard on tour  Damn the stupid expensive tickets!!! CAKE OR DEATH?!!!,negative
346,.. sad to hear about the discovery of the little girl from Tracy. Her poor family ,negative
347,I miss my friends from elementary and middle school ,negative
348,"@hollaglam my fav English teacher, she just had miscarriage.  &amp; u knw wht makes me sad even more? she was going to name her baby Tamara ",negative
349,busy @ PPUKM with Dr Yamin..  http://irc.jombuatduit.net,positive
350,"RT @Crazy_Golfer: ""If you lose followers on #Twitter don't worry even Jesus lost followers"" ~Unknown #quote via @smqueue",neutral
351,"well tweeps, im off, i gotta have a shower then go get a haircut. good bye everyone ",positive
352,RT @Free_Nuttball: #fuckyoumean #Pittsburgh don't got the best #twitter.,neutral
353,I think I need to get laid. Sad revolution I had earlier rofl  http://twurl.nl/ibz2wb,negative
354,@DTizzler and it took me my entire walk to the train station to undo it ,negative
355,#Twitter'OFF,neutral
356,#TWITTER OFF.,neutral
357,Thank you @logoninjas for following us on #twitter - awesome name btw!,neutral
358,"@imbanditspal to each her own, I say!  ",positive
359,"lol, honeybaby, i sound like a ny-quil commercial. that word only looks right with a green background. i want to sleep but i can't ",negative
360,new to this omg ,positive
361,I'm goin 2 bed #TWITTER dead tonight,positive
362,No TravoRadio this morning. BlipFM is down. ,negative
363,#twitter off!!...,neutral
364,@GGGKeri completely agree...Fallout Boy = amazing ,positive
365,@DaveBos its okay ive done it once didnt but Wooo Stayed up longer then expected lol ,positive
366,Everyone be sure to follow me on #twitter @mellee_love and check out my boy @TheRealDWI CT stand up!!,neutral
367,@DonnieWahlberg Great words of wisdom D-Dub!! Now can you tell the doctor to let me have some alcohol &amp; caffeine!! ,positive
368,@Warlach Curse ye!! Have fun at it. I miss doing online PR for Paramount Pics ,negative
369,@ZackSiam you just might be the most influential man in the #twitter universe,neutral
370,@codelust the dvd is with me. will bring when we meet next ,positive
371,@Lilylauren I get sad when ppl shave their moustaches  I don't know if I'd cry about it tho,negative
372,Doing my taxes. Not in the best mood because of this ,negative
373,I'm going to love this season of the hills... I can tell!  Spartans sucked.    Goodnight!!,positive
374,@elmardc ok thanks elmar! ,positive
375,"@Staci_Marie I have to go outside to smoke, so I do that all the time. I live next door to a bar so the sounds aren't always soothing lol ",positive
376,Yahoo Profit Drops 26 Per Cent! http://t.co/7AdG1Hss #yahoo #microsoft,neutral
377,Missing the fab five ,negative
378,RT @wbasinger: RT @TeachHub: 50 Ways to Use #Twitter in the Classroom http://t.co/AFHx3m2n,neutral
379,"I'm so tired, have to get up and go in to school during holidays for the 3rd time  xxx",negative
380,night twittys! i hope to dream of  johnny depp again ,positive
381,~~~~&gt; RT @RealJaythoven #twitter and #Facebook gone get sumbody beat up mane everybody b so reckless,neutral
382,@yod9 Thanks tons man! Seems to b working  Now I must try it on my internet PC in the studio. Need to get u 2 work on my recording pc! ha!,positive
383,"Who will be our #Twitter #winner 4 #daytimewdonna giveaway for $100 this Fri. Tweet about our show, our guests, why you LOVE us use #dwd100",neutral
384,@Cezzadwen I think that it's pretty standard wherever you go?  Can't find it anywhere in Canberra yet ,negative
385,@WBPodcast Hells to the no.  I only room with @demmalition.  ,positive
386,Best night inna while :) #newbestfriends wish you kids had #Twitter #amaturehour,neutral
387,@D_REALRogers BE SLEEP N WHO NOEZ WHERE I BE BUT HOW IT's it U so called sleep but every 5 sec u got a new #twitter post up #btfu,neutral
388,Elvis isn't dead he just took home &quot;quote! MIB ,positive
389,@DanielCalderonL yeaah I hate that! ,negative
390,@Labrys67 the chat broked? ,negative
391,@darylsws  Morning  What's up?,positive
392,My #twitter age is 1 year 148 days 1 hour 15 minutes 56 seconds. Find out yours at http://t.co/hcR3FSpD #twittertime,neutral
393,working into the wee hours ,negative
394,RT @Charlielace: Instead of updating your #Twitter why don't you update your life!,neutral
395,@FallenStar1 YAY!!! (even if i can't go *pouts*) She's supporting morrissey on one of his CA shows too which makes me happy ,positive
396,Blackberry Bold and Kingston 8gb microsd card en route ,positive
397,@martiy ouchies.    have a good day .......and goodnight @SuperTim.,positive
398,It's a brand new day  Dr. Horrible is AWESOME!!! http://www.hulu.com/watch/28343/dr-horribles-sing-along-blog#s-p1-st-i0,positive
399,@jeanchia you're welcome dearie!  voted already! goodluck!,positive
400,is watching CSI : NY.  ) Excited for Lighting Workshop. ,positive
401,@indiblogger  do i neeI dotn get any comments and suggestions ,negative
402,Oh darn...it's mandy creed isnt it @jordar @mikerra ,negative
403,Do you Share More #jokes #quotes #music #photos or #news #articles on #Facebook or #Twitter?,neutral
404,@nateflynn go to twin peaks &amp; check out the view of SF    don't forget your jackets/hoodies!,positive
405,#Twitter Thank you.Read those great tweets.helps live better! :) Bows.,neutral
406,@TJ_Sopher damn right - the grill is always open down here ,positive
407,Just got back from the hospital. BF's nephew might have meningitis ,negative
408,leave approved! europe here i come  thanks singapore airlines for the cheap flights ,positive
409,@1an3 thank you!! I have to now do it all again today ,positive
410,RT Is @Wahooly the long awaited way to make clear the ROI of #Twitter? http://t.co/rjY5WGr0 #socialmedia /via @socialmedia2day #gosocial,neutral
411,"#Microsoft CEO #Steve_Ballmer on Not Buying #Yahoo: â€œSometimes, Youâ€™re Luckyâ€ http://t.co/D0u2o9nZ",neutral
412,"The worst part about laundry is: the longer that you wait to do it, the more unpleasant it becomes. ",negative
413,"@ZappoMan oh, your tweet was about weapons? That's covered by Pandora's Box - can't uninvent it, leaving us all with MAD ",negative
414,@spencerordonez although we have lot work to do and cannot wait to start this project ,negative
415,JUST realized im talking to no one... ,negative
416,"Whatta mess! We should have won this! Anyways, not bad after all! We won another series abroad. ",positive
417,#2000tweets !!!! #milestone #twitter,neutral
418,#Apple vs #Microsoft: Two Opposite Approaches to Building an OS http://t.co/ZAMoDZ9O #Windows8 #OSX #iOS5,neutral
419,RT @twinkleG_ray: Quit acting all hard. It's only #twitter,neutral
420,"@RyanStar  Hey Ryan, just thought I'd say that u put on a great show in Radford Sunday night, &amp; I'm so glad I got to meet you! ",positive
421,@ChoChoMojo  Goodnight Miss Q  you take care  ,positive
422,"@StacieLane Oh...well, never mind then.  lol But what if a guy you really liked had a mama like that?",positive
423,I have a new background  It didn't exactly work how I wanted but I was bored with the old one.,positive
424,@missoliviaa nooo brat. to the west coast hahaa quite making me sad ,negative
425,"@ddlovato heydemi  whats up? haha, i just wanted to say i love you music and your a really talented person. love to hear from you &lt;3",positive
426,"@wigsie I do too, but I seemed to have missed this one.   It's a  double feature tonight, On the Waterfront and Casablanca. ",positive
427,@ParadoxicalMike yes... our is under lock and key... we are guarded by the mighty #Microsoft.... unlike #google with it's androids,neutral
428,My #twitter age is 1 year 65 days 18 hours 47 minutes 24 seconds. Find out yours at http://t.co/tQMSBDrx #twittertime,neutral
429,Blip.fm is undergoing maintenance.  http://blip.fm/,negative
430,"Ballmer On Not Buying Yahoo: â€œSometimes Youâ€™re Luckyâ€: Speaking today at Web 2.0, #Microsoftâ€¦ http://t.co/KOt83DxF",neutral
431,This New Microsoft Technology Turns Anything Into A Touchscreen (MSFT) http://t.co/Qcih8fjg #apple #microsoft,neutral
432,"@BenFolds p.s. I would have never used the word ""playa"" over ""player"" if #Twitter wasn't so restrictive...",neutral
433,"wow! i got sick out of nowhere  and now i cant think straight....and mtv hasnt posted the hills online, wtf!",negative
434,@EvilUnicorn im not on aim rn ,negative
435,Jasmine and Bohdi are here for the holidays!! ,positive
436,im going to danniis party nd im gona dress up as a giant duck  yaay!!,positive
437,"I'm going so good without myspace, msn and stuff ",positive
438,"Good morning, hope everyone is feeling better than me.... this cold has really got hold now ",negative
439,Ballmer: Weâ€™re beating Google in the cloud http://t.co/YFAmguRF #ballmer #google #microsoft #cloud,neutral
440,@NickityNatNat Color it purple! ,positive
441,What is the difference between #twitter and #googleplus??,neutral
442,@IamTinaThompson @JudgeGregMathis is on #twitter also!!,neutral
443,Sooooooo busy right now. Have a lot of custom orders to catch up on! Haven't blogged since the 31st.  There aren't enough hrs in a day! ;),negative
444,"@Steve_Buscemi And the weather in England, at this hour of the morning (6:47 am) is cool, gloomy &amp; crap. YOU have a nice day, mate! ",positive
445,Tweet number 1000 shout out to all my followers #Twitter,neutral
446,making dinner with my son ,positive
447,i feel lonely today.... ,negative
448,"@jia_zhen it's an odd little thing isn't it, 'is it from another planet?'.... but i think i like it ",positive
449,RT @MonicaaC_: Damn tired! .. Need some rest! Night #twitter,neutral
450,CE-Oh no he didn't: Steve Ballmer lays into Android http://t.co/uTmHyIFD #microsoft #ballmer #android,neutral
451,"Love having access to a research machine with 4 quad core 64 bit opterons, and 60 gigs of ram ",positive
452,@thalovebug ,positive
453,Thinking of pay day.....another 3 weeks to go  lol,negative
454,"@scarletjac thanks, I know that video is harrowing, especially the last 2 minutes  I must admit I cried",negative
455,@wolfsoul Thanks!  ,positive
456,#twitter OFF&lt;3,neutral
457,rufus rufus rufus! Bloody Brillaint!!!! Shame my mum is such a miserable crab or i could liten to him while i work ,negative
458,BRB #twitter;p,positive
459,@mari_chiquitita nice pics from last years festival. How about we plan to meet there next year! ,positive
460,brb going to Ireland ,positive
461,#Twitter Buzz Builds for the #Occupy_Wall_Street Movement [CHARTS] http://t.co/znFYtK9P @mashable #social,neutral
462,#twitter and #Facebook gone get sumbody beat up mane everybody b so reckless,neutral
463,Good night #Twitter and #TheLegionoftheFallen.  5:45am cimes awfully early!,neutral
464,"@GABBYiSACTiVE mmmmmm coffee please, LOL ",positive
465,these #chickz on #twitter stay with they #mommy,neutral
466,Got the vocals done! now time for the best part: the music track or bed! whichever you wanna call it lol ,positive
467,has realized that twitter is getting more attention from her mama then she is....hahaha  LAME!,negative
468,@berofx: good luck with your challenge ,positive
469,agghhhh  looosing my mind!!!!,positive
470,gud mrng #twitter & all my frnds too. ;),neutral
471,@Obamaphile @vegascharlieb your not in #twitter jail again r u ?,neutral
472,Good Night #Twitter && #TwitterTweeters :),neutral
473,"@rootbeerfloats8 Nah, Gee will reply to me whenever he wishes. His birthday is coming up, so I have something that will make him smile. ",positive
474,@bustxamovex i love you ,positive
475,"I'm at work, and I'm sick.. And its helluva lot todo. This blows. ",negative
476,Computer/internet is hating me tonight... I swear. And I can't find my USB cord for my sidekick ,negative
477,is losing her hubby for a week tomorrow for work.  Easter and all ,negative
478,just got back from starbucks.. tried the tea with lemonade very good  miss gg already. 1st one!,positive
479,am trying to fit all my stuff in a tiny bag so i can take it on as hand luggage. dont think its gonna work ,negative
480,wont get any rudd money   for those in doubt... http://calculators.ato.gov.au/scripts/axos/axos.asp?CONTEXT=&amp;KBS=ESB.xr4&amp;go=ok,negative
481,gosh...it makes me sad when people don't give God a chance ,negative
482,@dk_emmanuel Solomon was supposed to be wise - but 3000 wives - I'm thinking not ,positive
483,#Niggas on here talking bout sharing one condom with his boy to run a train on the same girl only on #twitter you #nasty muthafucka,neutral
484,"Good morning world, couldn't sleep tonight  Copenhagen doesn't want to leave my head...",negative
485,#Microsoft extends revenue guarantees to Yahoo: Yahoo disclosed today that Microsoft extendedâ€¦ http://t.co/NWLalDdd,neutral
486,"3,2,1,0 #Twitter OFF",neutral
487,i want my money from kevo to hurry up ,negative
488,@ashleeadams doesn't make you look fat at all man. Good photo. ,positive
489,@Prince_P follow me chris!! ,neutral
490,Going to sleep... hoping to wake up and tommorow will be Wednesday instead of Tuesday... I really don't want to go to work ,negative
491,@adamdexter i can't wait to see you buddy ,negative
492,@ColorBakery http://twurl.cc/qs4 Try this page ,positive
493,does anyone else get the 'milky white film of business' with Visual Studio? #vs2010 #microsoft,neutral
494,"@reznik360 @bonbonfire another fun confab, no matter what comes of it. i wish i hadn't worked until 9. i'm gonna miss next week, though. ",negative
495,@realchrissystar I'm sure if I saw you I'd think you're way little! ,positive
496,"How to Keep Up With Over 100,000 #Twitter Followers http://t.co/XD5GST4L for those of you with this many tweeps rock on, i'm not there YET=)",neutral
497,goodnight all &lt;3 goin to bed gotta get up early and get the fuck out of town tomorrow  canada here  I come,positive
498,"ok so the twilight book is pretty addicting, chapter 6, now its time for some sleep.. Good Night Tweeps ",positive
499,#microsoft #edu Microsoft's Kinect brings 'playful learning' to the Xbox 360 - The Guardian http://t.co/MW22MJOG,neutral
500,Put your twitter on autopilot and let it gain followers for you!! http://t.co/hze1TqAl #TeamFollowBack #Twitter #autopilot #1000aday 26,neutral
