,Created_At,Tweets
0,,Tweets
1,2021-10-23 06:55:05+00:00,b'@jibrilss15 @jibrilbangi Syukur... done beli via ShopeeFood https://t.co/w5f34kaKf3'
2,2021-10-23 06:52:15+00:00,b'KESEL BGT BELI SHOPEEFOOD LUPA NYALAIN DISKON VOC SAMA FREE ONGKIR. \n\nMANA JAUH SAMA MAHAL \xf0\x9f\x98\xad\xf0\x9f\x98\xad\xf0\x9f\x98\xad\xf0\x9f\x98\xad\xf0\x9f\x98\xad\xf0\x9f\x98\xad\xf0\x9f\x98\xad'
3,2021-10-23 06:32:42+00:00,b'2 nasi padang lauk ayam sama sayur + es teh cuman 15k \xf0\x9f\x98\xad shopeefood aku padamuuu huhuhuu'
4,2021-10-23 06:17:33+00:00,b'@Mundur41149832 shopeefood klau ngakpunya shopepay gabisa dapet voucernya kan?'
5,2021-10-23 06:10:57+00:00,"b'Spaghetti Aglio E Olio biasa? bukan! spaghetti masakane simbah sing iki dimasak pake bumbu Roa, cocok nggo ilat indonesia,  dijamin nampolll\n\nAda di warung mbah sambat. Bisa dine in/take away. Bisa juga pesen lewat GoFood/ShopeeFood. https://t.co/z4FOgTK66V'"
6,2021-10-23 06:07:49+00:00,"b'Ngakak + malu banget, masa pesen shopeefood kirimnya ke titik yang jelas jelas udah tutup cabang nya wkwk'"
7,2021-10-23 05:59:55+00:00,"b'barangkali ada yg tinggal di sekitar daerah pasar rumput manggarai jaksel, boleh diorder ayam bakar mamaku, available on grabfood, gofood, dan shopeefood :D keywordnya Ayam Bakar Mak Tuo Pasar rumput, makan ditempat pun bisa, lokasinya di gedung pasar rumput lt. 3 ruko 20'"
8,2021-10-23 05:59:35+00:00,b'Shopeefood adalah penyelamat hidup'
9,2021-10-23 05:54:09+00:00,b'Baru kali ini deh beli makanan lewat shopeefood zonk. Pesen apa yg dateng apa \xf0\x9f\x98\x82'
10,2021-10-23 05:50:46+00:00,b'Hallo @shopeefood_id bgmn sistemnya nih? Masak saya blm terima orderan saya tp di aplikasi dibilang sdh complete dan diminta ratingnya?\nMau saya kasih rating 0 tp gak bisa ...'
11,2021-10-23 05:47:26+00:00,b'Terbaik gila Shopeefood ni. Murah pun murah. Ngam ngam aku malas masak harini'
12,2021-10-23 05:46:38+00:00,"b'tadii ketemu abang shopeefood ganteng bgt huhuu, pen gebet rasanya :)'"
13,2021-10-23 05:43:19+00:00,b'Boleh order dengan ShopeeFood dan Grabfood. Order skunk!!! https://t.co/7Jrd2QynLt'
14,2021-10-23 05:20:11+00:00,b'Mari ngecek ada grabfood/shopeefood apa yg enak di cikini~'
15,2021-10-23 05:17:59+00:00,"b'JUST HAD APA YA SEMALEM BUT SOKLATTTTTTTTTT still prefer the hot one kemaren coba icednya agak gimana ya, kaya ada lotus lotusnya gitu apa gw cuma kebayang cheesecake lotus I found on shopeefood \xf0\x9f\xa7\x8d https://t.co/DYMjWS5Isd'"
16,2021-10-23 05:07:55+00:00,b'@ShopeeCare si @gojekindonesia bisa menyelesaikan masalah dalam 2 jam (makanan dikirim lagi dengan extra menu dan refund dari pihak gojek nya juga) knapa shopeefood sampe seminggu ya? Tidak sebaik dan secepat gojek pelayanan nya. Ditambah cs shopee hanya copas copas text saja.'
17,2021-10-23 05:07:45+00:00,b'@Askrlfess yang kamu pesen vouchernya masihan\nkalau shopeefood yang ada di bawah koin https://t.co/gKZeWLTVr7'
18,2021-10-23 05:04:05+00:00,b'@Askrlfess Maaf nder tapi itu kayanya km bukan order shopeefood tapi beli voucher cashback doang'
19,2021-10-23 05:03:41+00:00,"b'@Askrlfess ini bukan shopeefood nder, itu cuman voucher nha aja'"
20,2021-10-23 05:02:05+00:00,"b'@ShopeeCare tgl 18 pesen shopeefood tapi aneh ya padahal 12.10 titik driver nya belum di lokasi penjual tapi di 12.12 di driver klik ambil dan di menit yg sama di selesaikan? Dan pesanan tidak saya terima, fitur hubungi driver tidak ada jadi tidak bisa konfirmasi ke driver. https://t.co/L4s5AQmAfS'"
21,2021-10-23 04:55:38+00:00,b'@fimegasari Apalagi gaada shopeefood:('
22,2021-10-23 04:54:35+00:00,b'@shopeefood_id kapan buka pendaftaran merchant lagi minnnnnn'
23,2021-10-23 04:50:11+00:00,b'top up uangku ordernya di shopeefood'
24,2021-10-23 04:28:22+00:00,"b'@in_rd_sa @ezash Astaga Dog :\xe2\x80\x99))\n\nSenja nitip lapak jualan Senja : Ricebox Wagyu, available di Jakarta dsk, bisa dipesan via GoFood/GrabFood/ShopeeFood (search : senjayummy). https://t.co/RgyLXHQgtM'"
25,2021-10-23 04:14:34+00:00,b'yg pake alamat gue sp si anjr tiap hari shopeefood sm gojek dateng mulu risihh'
26,2021-10-23 04:07:55+00:00,b'BEAR BOBBA LOWOKWARU\n\nCinnamon Roll Macchiato 18K #BigCup22oz\n50% Disc #ShopeeFood #GrabFood #GoFood\n\n\xf0\x9f\x8c\x90 https://t.co/6fplAdGVlD\n\n#InfoKulinerMalang\n#LaporLaper\n#KulinerHitsMalang\n#MalangCulinary\n#MalangKuliner\n#BobaMalang\n#KopiMalang \n#EsTehMalang\n#MojitoMalang\n#Grab\n#GoJek\n#BTS https://t.co/kvnyQpieh8'
27,2021-10-23 04:02:26+00:00,b'kok mcd di shopeefood ga ada menu butter caramel'
28,2021-10-23 03:55:16+00:00,b'di ShopeeFood aja\n*Ayam Gacor - Menteng Atas* https://t.co/cuPipXNGbG'
29,2021-10-23 03:54:34+00:00,b'di ShopeeFood aja\n*Ayam Gacor - Menteng Atas* @ Ayam Gacor Menteng Atas https://t.co/3hpmFsEVcY'
30,2021-10-23 03:52:34+00:00,"b'Setelah 40 menit bolak-balik shopee, grab, gofood buat nyari diskonan ya akhirnya ke ShopeeFood aja pesen nasi paddington'"
31,2021-10-23 03:50:05+00:00,b'Siapa yg cita citanya namatin game shopeefood'
32,2021-10-23 03:46:17+00:00,"b'@merapi_uncover kayane wes klarifikasi kuwi mas2 e cen kurir shopeefood sing hobby ne mendaki, mung cari sensasi'"
33,2021-10-23 03:42:24+00:00,b'haii! aku jg ada voucher shopeefood nihh~\nfee 2k-5k (tergantung voucher yg dipakai yaaa)\n\nyg minat bisa langsung dm yaa^^\njangan lupa mention setelah dm yap #zonauang #zonaba #zonaBU #Zonajajan https://t.co/OyRJ8Iyxmq'
34,2021-10-23 03:41:23+00:00,"b'HAPPY WEEKEND NASABAH LEMAK TERSAYANG \xe2\x9d\xa4\xef\xb8\x8f\xe2\x9d\xa4\xef\xb8\x8f\xe2\x9d\xa4\xef\xb8\x8f\n\nBiar weekend nya makin enak, mending rebahan di rumah sambil pesen @nasgortiarbah kemayoran \xf0\x9f\x98\x8b\xf0\x9f\x98\x8b\xf0\x9f\x98\x8b\n\nGofood \xe2\x9c\x85\nGrabfood \xe2\x9c\x85\nShopeefood \xe2\x9c\x85'"
35,2021-10-23 03:40:55+00:00,"b'@kalonginsomnia shopeefood aja lebih asik, cman martabak ga jual jam segini disini huhu adanya malem'"
36,2021-10-23 03:33:58+00:00,"b'hampura neng ieu mah akang can bisa ngalongok bari mawa bengbeng sa dus\ntop sakintal, komo martabak spesial mah\n\n#ngebid #shopeefood https://t.co/tpkduDeOiv'"
37,2021-10-23 03:27:21+00:00,b'@RacunBelanja semenjak ada shopeefood gojek grab gw unins ckck pengen beli ini mager banget install gojek lagi ckck'
38,2021-10-23 03:20:05+00:00,b'Kembali ke scroll scroll gofood grabfood shopeefood aja terus tapi ndak mood makan. \n\nGitu terus sampe nanti sore.'
39,2021-10-23 02:52:13+00:00,b'Seberapa gak gunanya kegiatan lo dihari weekend?\nGue scroll shopeefood berjam-jam tp gak ada yg di checkout'
40,2021-10-23 02:34:42+00:00,"b'andai aku nagita slavina, mo pesen shopeefood pasti ga nunggu voucher promo dulu\xf0\x9f\xa4\xa3'"
41,2021-10-23 02:30:19+00:00,b'Bj takde coffee ke aduh kena game dgn ShopeeFood'
42,2021-10-23 02:25:45+00:00,b'pesanan @shopeefood_id  gak datang uang hilang lah dan pesanan gak datang. \n\nlalu cs @ShopeeID menyerah dan minta email sebagai prosedur yang saya sudah hapal banget. \n\nDrivernya? \nkeberatan... duitnya gak mau dibalikin. \nyang penting dia dapat feenya.'
43,2021-10-23 02:23:15+00:00,"b'pesanan yang kedua @shopeefood_id  pagi-pagi ini driver klik sudah di resto. apa yang terjadi setelah stgh jam nunggu? driver chat baru nemu toko, tokonya tutup...\n\nWHAT T---\n\nMinta saya batalin? ya gak bisa. saya chat cs @ShopeeID  LAMA BANGET PROSEDURNYA....\nAKHIRNYA APA?'"
44,2021-10-23 01:59:37+00:00,b'Baru kenal aja udah minta dikirimin ShopeeFood. Dasar mental pengemis! \xf0\x9f\x98\x92\xf0\x9f\x99\x83'
45,2021-10-23 01:45:48+00:00,b'BEAR BOBBA LOWOKWARU\n\nBoba Brown Sugar 13K #BigCup22oz\n50% Disc #ShopeeFood #GrabFood #GoFood\n\n\xf0\x9f\x8c\x90https://t.co/6fplAdGVlD\n\n#InfoKulinerMalang\n#LaporLaper\n#KulinerHitsMalang\n#MalangCulinary\n#MalangKuliner\n#BobaMalang\n#KopiMalang \n#EsTehMalang\n#MojitoMalang\n#Grab\n#GoJek\n#Shopee\n#BTS https://t.co/AHDAMR3pFL'
46,2021-10-23 01:29:29+00:00,"b'@uchiha201 Buka di google, ""cara daftar jadi shopeefood driver""'"
47,2021-10-23 01:28:34+00:00,"b'@nnirwansyah Buka aja google, ""cara daftar shopeefood driver""'"
48,2021-10-23 01:24:16+00:00,b'[Askrl] rata2 penghasilan driver shopeefood berapa ya sehari'
49,2021-10-23 01:23:50+00:00,b'Jog rata2 penghasilan driver shopeefood berapa ya sehari'
50,2021-10-23 00:54:12+00:00,"b'Jiakh, shopeefood dah ada akhirnya'"
51,2021-10-23 00:11:31+00:00,"b'Nasib baik Erna kabo tentang ShopeeFood. Setidaknya boleh klaim penghantaran percuma, jadi aku cuma bayar harga makanan jelah. Kalau takdo baucer, aku rela makan makanan kafe.'"
52,2021-10-23 00:09:50+00:00,b'Jangan lupa Klaim Vocher ShopeeFood km \xf0\x9f\x98\x97\n\nhttps://t.co/tCA2ilgUvH'
53,2021-10-22 22:55:59+00:00,"b'lunas ya, dicoba aja kalo bisa ya rejeki kalo ga bisa ya shopeefood aja\xf0\x9f\x98\x82\xe2\x9c\x8c https://t.co/aQxkPD0Jze'"
54,2021-10-22 21:10:15+00:00,"b'Shopeefood parah sih ini emang, baru kali ini beli mekdi harganya turun jauh dari harga aslinya'"
55,2021-10-22 21:08:29+00:00,"b'Rencana kirim makanan pake shopeefood, eh ketiduran :(\nAstagaaa antara mo ngakak sm gaenak kan janji mo pesenin makan. Bisa2 nya ketidurannn wkwk \xf0\x9f\xa4\xa3\xf0\x9f\xa4\xa3\xf0\x9f\xa4\xa3'"
56,2021-10-22 20:05:35+00:00,"b'@jogmfs Order shopeefood warmindo elephant nder, aku lgi ngalong disini, kali aja nyantol, mayan bantu tutup poin'"
57,2021-10-22 19:24:49+00:00,b'@uniquerls @sicutgeulis @shopeefood_id Bakal ada di bulan november / desember kak ditunggu aja'
58,2021-10-22 18:56:39+00:00,b'ada voucher shopeefood juga\ndisc 50% max 18k \ndisc 30% max 18k\nudah sama vc gratis ongkirnya\nfee 5k ya btw soalnya 2 vc yg dipake\nvc shopeefood \n#zonauang #zonajajan #zonaba https://t.co/UPUv5ZNT1G'
59,2021-10-22 17:09:33+00:00,"b'Apaka warung q harus kaya gini? \xf0\x9f\x98\x82 \nUdah nebak orderan pake nama cust krna driver pake jas gojek, ternyata dia ambil orderan shopeefood https://t.co/eMQ1D0fn8K'"
60,2021-10-22 17:03:08+00:00,b'@deakrn_ @sbyfess Ndang dibuka shopeefood e wes awe awe\nScroll sejam sek trs keturon \xf0\x9f\x91\x8d'
61,2021-10-22 16:57:05+00:00,"b'@ShopeeID @ShopeeCare hoee admin, ini kenapa deh kok akun aku tiba tiba dibatasi??? Padahal terakhir cuma pesen shopeefood. Gimanaaa nih bisa balik gaaa????'"
62,2021-10-22 16:42:25+00:00,b'@orenjigurin Akhirnya pake shopeefood\xe2\x98\xba\xef\xb8\x8f\xe2\x98\xba\xef\xb8\x8f\xe2\x98\xba\xef\xb8\x8f'
63,2021-10-22 16:19:06+00:00,b'Terimakasih kepada bapak gofood grabfood shopeefood yang selalu menyelamatkan malam hariku rispekkk'
64,2021-10-22 16:16:42+00:00,b'Gofood gue drtd magrib ga dapet2 driver. Apa udah beralih ke shopeefood semua ya'
65,2021-10-22 15:55:17+00:00,"b'@DikiPamuji @shopeefood_id Isi atuh,,, ginjal masih lengkap kan?\xf0\x9f\x98\xad'"
66,2021-10-22 15:47:54+00:00,b'@hahh_ai @shopeefood_id Ga pernah punya saldo shpepay\xf0\x9f\x98\xad'
67,2021-10-22 15:45:27+00:00,"b'@DikiPamuji @shopeefood_id Bisa, tapi yg promo\xc2\xb2 gt kebanyakan pke shopeepay'"
68,2021-10-22 15:02:09+00:00,"b'Tadi siang pas lb tbtb ditelp bolakbalik dari shopeefood, karena no nya ga kukenal jadi ga ku angkat ealah ternyata dikirimin maksi tbtb wkwk gemes banget\xf0\x9f\xa4\xa3\nPantes kemarin tbtb nanya kantor ku yg belah mana, alibi nanya bandara segala si kampret\xf0\x9f\xa4\xa3 ada aja idenya:) https://t.co/pa7Zn56urr'"
69,2021-10-22 14:56:56+00:00,"b'#DriverStory \nIseng2 daftar aplikasi belanja makanan secara online alias #Shopeefood. \nLupa daftar sejak kapan. Sepertinya waktu daftar merchant #ShopeeFood juga, sejak Juli dan baru dipanggil kmrn 10/10\nBayar untuk jaket, helm dan tas 450k'"
70,2021-10-22 14:44:07+00:00,"b'How can it happen, pesen shopeefood dan ternyata drivernya temen sendiri. Untung mesennya bukan buat diri sendiri :)'"
71,2021-10-22 14:31:26+00:00,b'langit bisakah kau turunkan 100 perak agar aku bisa makan karena aku order shopeefood totalnya 24.500 saldoku 24.427 terima kasih langit'
72,2021-10-22 14:28:35+00:00,b'Yang bikin males jajan via shopeefood tuh karena banyak biaya ga terduganya. Belum include uang parkir driver dan tips https://t.co/I4ICO0pKHu'
73,2021-10-22 14:20:09+00:00,b'@tanyaindeca lagi asik banget yee shopeefood'
74,2021-10-22 14:15:40+00:00,"b'Driver shopeefood sampe udah hafal harus nganter kemana""nya \xf0\x9f\xa4\xa3\n\nTiap hari jajan temu orang"" Yg itu itu juga\xf0\x9f\xa4\xa3\n\nTidur ah besok lembur lagi\n\nSiapa tau bangun"" Jadi 2T lebih 300\xf0\x9f\xa4\xa3\n\nBabay\xe2\x9d\xa4 https://t.co/hGOO06BHKn'"
75,2021-10-22 14:15:18+00:00,b'Suka iri sama orang yang bisa grabfood gofood atau shopeefood lihat lah betapa jauhnya rumah aku dari kota\xf0\x9f\xa5\xb2 https://t.co/Ye1lGykO5i'
76,2021-10-22 14:14:17+00:00,b'Hampir aja shopeefood salad lalu tiba-tiba inget tadi siang udah chatime \xf0\x9f\x98\xad\xf0\x9f\x98\xad\xf0\x9f\x98\xad pulang kerja sampai rumah ada croissant 1 box isi 9 juga udah disikat 3 \xf0\x9f\x98\xad\xf0\x9f\x98\xad\xf0\x9f\x98\xad laper mulu ih heran'
77,2021-10-22 14:01:46+00:00,b'@vidi2791 Mayan sih tp tadi emang laper terus sekalian beli 2 biar dapet potongan shopeefood wkwkwk'
78,2021-10-22 14:00:11+00:00,"b'yg mau dibeli pulsa, knp malah jd pesen shopeefood...'"
79,2021-10-22 13:57:17+00:00,"b'Ya allah w bercita2 bawa keluarga liburan ke bali, tapi pesen makan aja mikirnya setengah mati\xf0\x9f\xa5\xb4 bandingin harga grabfood,shopeefood ama gofood ampe puyeng\xf0\x9f\xa5\xb2'"
80,2021-10-22 13:45:30+00:00,b'Dapat order piktif \xf0\x9f\x98\xa2\xf0\x9f\x98\xa2 #ShopeeFood https://t.co/HBspUNQ8UN'
81,2021-10-22 13:42:04+00:00,"b'Share &amp; Tag promo ini ke teman-temanmu yuk. Berlaku untuk Dine In, Take Away, Drive Thru serta Delivery atau bisa juga pesan di GrabFood, GoFood dan ShopeeFood ya McD\xe2\x80\x99ers! \xf0\x9f\x98\x81'"
82,2021-10-22 13:29:55+00:00,b'SATGAS SHOPEE... SATUAN GARPU SENDOK... \n#shopeefood\n#ojol\n#nyopee\n#food https://t.co/JoOUo3jcMA'
83,2021-10-22 12:59:57+00:00,b'Shopeefood sekarang naik sepeda uyy \xf0\x9f\xa4\xa3\xe2\x9c\x8c https://t.co/GPAV6HQD78'
84,2021-10-22 12:55:34+00:00,b'beli apa ya di shopeefood'
85,2021-10-22 12:50:48+00:00,b'parenting guide by shopeefood no acapkali dan ita itu https://t.co/HTamXA0vxI'
86,2021-10-22 12:47:41+00:00,b'Kenap kalo tiap order shopeefood drivernya gemes gini \xf0\x9f\x98\x8a sehat terus mbaknya yaa https://t.co/XrdocWWUrq'
87,2021-10-22 12:46:54+00:00,b'@acut11x @deyyins88 Lucu banget ah\xe2\x80\xa6sistemnya belom sempurna kali tuh\xe2\x80\xa6 emang sih aku nya budak shopeefood banget'
88,2021-10-22 12:40:28+00:00,"b'Serem gaksi kalo doa lu dikabulin instantly? Jadi gue habis pesen di shopeefood. Terus gak lama kemudian tiba2 ujan deres dan posisi abangnya udah otw. Terus gue berdoa, ngucapin berkali-kali ujanya stop dulu. Kasian abangnya \xf0\x9f\x98\xad ntar kalo abangnya udah baling, boleh ujan lagi'"
89,2021-10-22 12:30:57+00:00,b'@vynenitsuga @deyyins88 EHHH IYA SAMAA AKU JG GRGR PK PROMO SHOPEEFOOD WKWKWKWK'
90,2021-10-22 12:25:27+00:00,b'@acut11x @vynenitsuga @ShopeeCare pelanggarannya karena pake promo shopeefood? Lah aneh bgt guna nya promo bisa di klik apa dong kalau ternyata waktu makai bikin akun kebatasi'
91,2021-10-22 12:20:21+00:00,b'pak shopeefood sampean kok lucu\xf0\x9f\xa4\xa3 https://t.co/nIKLywI7rb'
92,2021-10-22 12:17:12+00:00,"b'Jog\n\nMas mbak, ada yg driver shopeefood? aku mau tanya"", kalau boleh like atau rep nanti ku ketuk dm, terimakasih.'"
93,2021-10-22 12:16:10+00:00,"b'5. Ayam bakar paijo\n\nini ayam bakarnya enakkkk, bumbunya meresap smpe ketulang, sambelnya jg enakkkk, lembut ayamnya dan potongannya gede2 harganya cm 18rb, bisa gofud shopeefood dan grabfood.'"
94,2021-10-22 12:16:01+00:00,b'Belum aktif sih tapi gilak iam proud of myself!! Keren bgt pake jaket oren begini???? Bahkan ibuku bangga anaknya jadi driver shopeefood\xf0\x9f\x98\x9d\xf0\x9f\xa5\xba\xe2\x9d\xa4\xef\xb8\x8f\xe2\x9d\xa4\xef\xb8\x8f\xe2\x9d\xa4\xef\xb8\x8f\xe2\x9d\xa4\xef\xb8\x8f https://t.co/kexwQkawhY'
95,2021-10-22 12:13:21+00:00,b'@darjofess Gofood shopeefood seng biasanya tak pke grabfood pelit ambek aku diskone gk enak'
96,2021-10-22 12:13:20+00:00,"b'@thiirwall akun gue dibatasi jadi ga bisa login, tadi nelfon cs nyaa katanya ada pelanggaran promo shopeefood? gatau gue jg bingung padahal baru jg pake kemaren... ga paham :/'"
97,2021-10-22 12:09:24+00:00,b'@shopeefood_id gimana mau nunggu abang shopeefood kalo belom gajian xixixii'
98,2021-10-22 12:03:30+00:00,b'Abis order shopeefood buat ortu trus mau order makan buat diri sendiri karena belom makan dari siang abis kerja eh begini sosad @ShopeeID @ShopeeCare https://t.co/gDPcOhf02D'
99,2021-10-22 12:02:17+00:00,"b'@kertas_angin @ShopeeID @shopeefood_id Trus kelanjutannya gimana kak?:( aku baru minggu2 ini kena order fiktif, ud call cs nya tp belibet , cht di app udh, dm udah tp ga ada titik temu'"
100,2021-10-22 11:58:55+00:00,b'Emg ada ya bapak bapak namanya Emma? Heran ih tiap jajan di shopeefood gue dipanggil pak mulu \xf0\x9f\x98\xad\xf0\x9f\x98\xa9'
101,2021-10-22 11:55:40+00:00,"b'Nasi Goreng Tiga De Nok - Palmerah sekarang ada di ShopeeFood! Pesan Sekarang, langsung diantar. https://t.co/WnLvfcwVNg https://t.co/CStux6fluk'"
102,2021-10-22 11:53:23+00:00,b'ajarin gimana cara make shopeefood'
103,2021-10-22 11:52:47+00:00,"b'taunya karna shopeefood?? gue baru bgt pake sekali padahal...\xf0\x9f\xa5\xb2 wkwk ya udah gak lagi lagi dh,, https://t.co/dUbw7LBk73'"
104,2021-10-22 11:51:05+00:00,"b'@ShopeeID @shopeefood_id Permisii, ini kalo pesenannya yg dateng salah gimana yaaa?'"
105,2021-10-22 11:50:23+00:00,b'@aireinhyunjin korban shopeefood nih pastiii'
106,2021-10-22 11:47:59+00:00,b'Info: Pesan Anter Kuliner via ShopeeFood untuk Surabaya Sekitarnya \xf0\x9f\x92\x9f\xf0\x9f\x98\x8a\xf0\x9f\x91\x8d\n\n*PROMO KULINER* \n@bebekmenetas_\ncc @shopeefood_id @ShopeeCare @ShopeeID \n\xf0\x9f\x93\x8dBuka jam: 8 pagi - 3 sore (online setiap Senin-Sabtu)\nKlik\xf0\x9f\x91\x87\nhttps://t.co/tVEdVnlgv1 \xf0\x9f\x99\x8f\xf0\x9f\x8f\xbcthanks \n#bebekmenetas #bebekmenetassurabaya https://t.co/Gs4EuDRvKS'
107,2021-10-22 11:37:47+00:00,b'pengn shopeefood tp kgk ada duit shshhs'
108,2021-10-22 11:26:44+00:00,"b'Mesenin shopeefood ke temen. Pas liat drivernya kok namanya engga asing, tapi karena fotonya engga bisa kezoom jadinya biasa aja.\nPas selesai mesen dan mau ngasi ulasan, aku bisa liat foto drivernya, ternyata dia temen aku pas masih kecil. Auto ngasi tip lebih ke dianya \xf0\x9f\xa5\xba'"
109,2021-10-22 11:25:24+00:00,"b'@RediPriyanto Hai kak, maaf banget yaa. bisa diinfokan ke mimin melalui DM pendaftaran yang kaka maksud apakah sebagai driver atau merchant shopeefood? Met malam\xf0\x9f\x99\x8f ^VI'"
110,2021-10-22 11:17:50+00:00,"b'Pesen shopeefood yg nganter ternyata bapaknya yg dulu jual mainan pas aku sd, sampe sekarang beliau masih hafal loh \xf0\x9f\x98\x82\xf0\x9f\x98\x82'"
111,2021-10-22 11:08:54+00:00,b'Btw kalo aku blng shopeefood berarti saldo ku emng adnya dishopee\xf0\x9f\x98\xad . Atu kalo ku blng grabfood baru di ovo. Kalo gaad dishopeedod yah aku ga bs belikan ok\xf0\x9f\xa5\xb0'
112,2021-10-22 11:04:58+00:00,"b'@ShopeeCare @shopeefood_id w gatau sistemnya ini gimana, ini udah ke sekian kali w nemu driver yang lamaaaaaaaa bgt proses pesanan w, dr posisi awal ga gerak samsek, dichat ga dibalas, di call ga diangkat. Mau cancel ga bisa, nunggu gerak menuju resto bisa sampe 1 jam'"
113,2021-10-22 10:53:59+00:00,b'@kwonfirehosh Td aku mau pake buat shopeefood gak bisa bisa masa'
114,2021-10-22 10:47:02+00:00,b'Terasai jua makan pake shopeefood \xf0\x9f\x91\x80\xf0\x9f\x98\xad https://t.co/84lsKPS2nX'
115,2021-10-22 10:35:52+00:00,"b'Kak Nagita Slavina aja udah borong Cupbop! \nKamu kapan nih order Cupbopnya? \xf0\x9f\x98\x8d\xf0\x9f\x98\x8d\xf0\x9f\x98\x8d\n\nBagi kamu yang lagi craving makanan Korea, yuk langsung order di Grabfood, ShopeeFood, atau Gofood  ya\xf0\x9f\x98\x86\xf0\x9f\x91\x8d https://t.co/9Kq5nPe2rO'"
116,2021-10-22 10:30:23+00:00,b'@jeyyyhobiii Daerahky ga bisa shopeefood'
117,2021-10-22 10:14:02+00:00,"b'Senengg banget dehh \xf0\x9f\xa5\xb0 Soalnya shopeepay_id balik lagi dengan promo ShopeePay Serba Rp10, Flash Sale Rp1, dan ShopeeFood Diskon 75%!! Kapan lagi ga sih belanja makan enak akhir bulan?? Ada genkisushiindonesia, soursallycoid, auntieannesid, dan masih banyak lagi!! https://t.co/DvsC8mofc2'"
118,2021-10-22 10:10:02+00:00,b'Kalian ad yg mo jajan shopeefood ?'
119,2021-10-22 09:57:10+00:00,"b'Guis yuk order pangsit goreng spesial \xf0\x9f\x98\x8d\n\nYang mau order langsung DM ke @cemilan_kenyang\nTersedia di Gofood/Grabfood/ShopeeFood\nCek Instagram \xe2\x80\x9cmacronis_food\xe2\x80\x9d \n\nDom Malang, Jatim. https://t.co/rDGqzH7N1p'"
120,2021-10-22 09:52:01+00:00,"b'Yuk nyemil crospy dulu nih sore sore\xf0\x9f\x98\x81\xf0\x9f\x98\x8b\n.\nJangan lupa langsung order ya\xf0\x9f\x98\x89\n.\nOjek Online Kita Stby untuk kamu biar banyak diskon\nGofood , Grabfood, ShopeeFood ,Traveloka Eats https://t.co/bhIftAUywp'"
121,2021-10-22 09:50:32+00:00,b'@shopeefood_id kapan hadir di jatinangor sumedang ya?'
122,2021-10-22 09:50:07+00:00,b'YA ALLAH KNP DI PWT GK ADA SHOPEEFOOD /mnngis/'
123,2021-10-22 09:49:05+00:00,"b'Pengen nyemil tapi gaada cemilan, pengen checkout di @shopeefood_id tapi pls dr kemaren jajan mulu:\xe2\x80\x9d'"
124,2021-10-22 09:48:58+00:00,b'@susruby MAUUUU KA RUBY MAU\xf0\x9f\x98\xad\nBuat jajan shopeefood hihi'
125,2021-10-22 09:44:44+00:00,"b'@asdfghjkleaa @shopeefood_id sedi bgt disini lom ada sopifud:"")'"
126,2021-10-22 09:40:33+00:00,"b'Guis yuk diorder cemilannya\xe2\x98\xba\xef\xb8\x8f\nMenu+price list lainnya ada di bawah ya\xf0\x9f\xa4\x97\n\nYang mau order langsung DM ke @cemilan_kenyang\nTersedia di Gofood/Grabfood/ShopeeFood\nCek Instagram \xe2\x80\x9cmacronis_food\xe2\x80\x9d \n\nDom Malang, Jatim.'"
127,2021-10-22 09:36:10+00:00,"b'@AREAJULID Numpang ya kak\xf0\x9f\x99\x8f\nHaii.. Kamu yg di bekasi, pesan makanan di @masgitel yuk. Ada aneka ricebowl &amp; snack yummy dgn harga terjangkau dan promo lho.\nCek aplikasi gofood,grabfood, shopeefood &amp; travelokaeats kalian dan pilih menunya ya\n\xf0\x9f\x91\x87\nhttps://t.co/daNCL5vB55\n\xf0\x9f\x8d\x9a\xf0\x9f\x8d\x9a\xf0\x9f\x99\x8f https://t.co/Ps3LbninUj'"
128,2021-10-22 09:35:50+00:00,b'makan apa ya bray ayo kita scroll shopeefood buat sarapan (yang tau tau udah mau jam 5 sore)'
129,2021-10-22 09:26:30+00:00,"b'shopeefood in/traktir makan ortu walaupun dikit ngerasa senengnya bgt dah yaallah, semoga one day bisa kasih yg lebih banyak\xf0\x9f\xa5\xba\xf0\x9f\xa5\xba'"
130,2021-10-22 09:13:23+00:00,b'Bestnya tengok orang checkout shopeefood tu \xf0\x9f\x98\xad\xf0\x9f\x98\xad area i takde shopeefood AA\xc3\x83AA TT'
131,2021-10-22 08:58:47+00:00,"b'Mari kembali ke rutinitas harian yaitu scrolling shopeefood, grabfood dan juga gofood selama 2  jam tapi berakhir makan mie instan'"
132,2021-10-22 08:57:15+00:00,"b'@mollynyan12 Aku juga kenal mantan satpam, namanya Pak Teguh, kena PHK gara"" pandemi dan akhirnya jadi driver shopeefood. Beliau sering nunggu orderan di warung aku, sambil nunggu selalu bantu"" nyapu, ngepel, buangin sampah, bantu natain air minum gratis buat ojol. Aku sampe sungkan sendiri'"
133,2021-10-22 08:56:55+00:00,"b'Kl lagi bokek tu wishlist tambah banyak,kl ada duit bingung mau beli apaan dulu ya saking banyaknya wishlist gue..\nakhirnya duitnya habis cuman buat shopeefood sama gopud\xe2\x98\xba\xef\xb8\x8f\xf0\x9f\x91\x8d\xf0\x9f\x8f\xbb'"
134,2021-10-22 08:49:46+00:00,b'baru sadar order di shopeefood dari kemaren cuma goceng ga sampe ceban yawlo\xf0\x9f\x99\x82'
135,2021-10-22 08:47:26+00:00,"b'Bjir mau dimakan pas dijalan gadapet mangkok nya gskahsks ini konsep nya disuruh kea makan cilok gitu kali ya wkwk, murah juga nih lewat shopeefood cuma 15k \n\nBaso aci akang https://t.co/EmrPQoyf9o'"
136,2021-10-22 08:39:54+00:00,"b'@FourthGrade_ \xf0\x9f\xa4\xa3\xf0\x9f\xa4\xa3\xf0\x9f\xa4\xa3\xf0\x9f\xa4\xa3\n\nSenja nitip lapak jualan Senja : Ricebox Wagyu, available di Jakarta dsk, bisa dipesan via GoFood/GrabFood/ShopeeFood (search : senjayummy). https://t.co/SR6SMbnGtE'"
137,2021-10-22 08:39:34+00:00,"b'@handokotjung \xf0\x9f\x91\x8d\xf0\x9f\x8f\xbb\xf0\x9f\x91\x8d\xf0\x9f\x8f\xbb\xf0\x9f\x91\x8d\xf0\x9f\x8f\xbb\xf0\x9f\x91\x8d\xf0\x9f\x8f\xbb\n\nSenja nitip lapak jualan Senja : Ricebox Wagyu, available di Jakarta dsk, bisa dipesan via GoFood/GrabFood/ShopeeFood (search : senjayummy). https://t.co/qugnYI4bUY'"
138,2021-10-22 08:26:11+00:00,b'CUMA 60 RIBU bisa dapet makanan dan minuman enak-enak? Ya cuma di CK dong pastinya.\n\nKalo gak percaya order aja sekarang via @gofoodindonesia Grabfood dan @shopeefood_id gausah pake lama.\n\n#OnlyAtCK #AlwaysAtCK #WaktunyaCK #CircleKIndonesia #PromoCK https://t.co/CxslDzIp55'
139,2021-10-22 08:24:16+00:00,b'@undipmenfess di dom ku gaada shopeefood wkwk'
140,2021-10-22 08:18:47+00:00,b'Po mung aku ya sek rangerti carane shopeefood dan durung tau blas\xf0\x9f\x98\xad'
141,2021-10-22 08:12:24+00:00,"b'@undipmenfess Pengen di shopeepay-in aja nder, gada shopeefood ditempatku :('"
142,2021-10-22 08:06:38+00:00,"b'Berpindah lain hati ke shopeefood travel eat dan gofood sekarang deh ah, grab gak asik udah gak ada vocernya'"
143,2021-10-22 07:57:50+00:00,b'@FOOD_FESS Aku lebih cinta sama @shopeefood_id'
144,2021-10-22 07:56:39+00:00,b'mentang-mentng shopeefood jadi murah jajan jajan jajan terus lalu tekor\xf0\x9f\x98\xab\xf0\x9f\xa5\xb2'
145,2021-10-22 07:55:38+00:00,"b'@shopeefood_id Udh gada gaji, kepengen jajan di shopee food. Tp gada duit:('"
146,2021-10-22 07:55:22+00:00,b'tadinya tiap hari sarapan shopeefood sampe tiba2 gojek bikin beginian *anak undian ahahaha https://t.co/TlpFwVjPp9'
147,2021-10-22 07:19:58+00:00,b'@nctjenoly @FOODFESS2 biasanya shopeefood ada vocher potongan ntah 18k atau 25k minimal beli 40k gt'
148,2021-10-22 07:18:50+00:00,"b'@sweetrryuu Dont Worry ya Kak, stay tune terus di akun social media Shopee biar Kamu ga ketinggalan info terupdate seputar ShopeeFood ya. Sehat selalu Kakak \xf0\x9f\x99\x8f\xf0\x9f\x8f\xbb ^CL'"
149,2021-10-22 07:18:49+00:00,b'Cobaan orang lapar @shopeefood_id https://t.co/jUqVsfUtYQ'
150,2021-10-22 07:18:45+00:00,"b'@mediocrickey Ngegosipnya sambil makan burger kampoeng ALOHO BURGER yuk...\nHomemade patty berpadu dgn saus special &amp; sayuran segar pasti bikin ketagihan! \nDiskon 50% pemesanan di gofood, grabfood &amp; shopeefood lho! Link order klik https://t.co/zWwhqjs0yq\n\n#numpanggelarlapak https://t.co/deCoRgTCny'"
151,2021-10-22 07:17:02+00:00,b'kenapa sih bobatime gak ada di shopeefood [ceray]'
152,2021-10-22 07:15:38+00:00,b'Ini shopeepay shopeefood lagi error apa gimana? Gagal terus pas mau bayar'
153,2021-10-22 07:14:53+00:00,"b'ini kenapa si shopeefood, tai bgt gue mau makan malah gabisa bayar gara2 shopee pay nya gajelas'"
154,2021-10-22 07:14:00+00:00,b'@ShopeeCare shopeepay lagi gangguan kah? Mau order shopeefood dari tadi gagal mulu pembayarannya\xf0\x9f\x98\x9e'
155,2021-10-22 07:13:55+00:00,b'@bsilviari aku juga pernah pesen mcd di shopeefood kurang 1 mcflurry. cuma dibales gitu doang trs diminta cek email buat updatesnya. eh sampe skrg kaga ada tu pemberitahuan apa apa WKKWKWKWK'
156,2021-10-22 07:13:44+00:00,"b'Gua laper habis muntah 2x, niatnya mau pesen makan lewat shopeefood, lha malah sistemnya bermasalah buat bayar lewat shopeepay. Hadeh mencapekkk'"
157,2021-10-22 07:10:53+00:00,b'@jaemcityx Lotek makjiii. Tanggal tua mesen pake shopeefood cari yg promo2 \xf0\x9f\x98\x82'
158,2021-10-22 07:09:34+00:00,"b'@sumpit37 @shopeefood_id aku jg sama ka, kek gini juga. lagi gabisa kali ya?'"
159,2021-10-22 07:09:04+00:00,"b'Bubur Ayam Wempy - Thamrin 10 sekarang ada di ShopeeFood! Pesan Sekarang, langsung diantar. https://t.co/9PB0fjrbcf https://t.co/W9wqVD6vjV'"
160,2021-10-22 07:08:56+00:00,b'@shopeefood_id min ini mau pesan kok gagal ya https://t.co/II7v29HkRS'
161,2021-10-22 06:59:43+00:00,b'Shopeefood kenapa error ya'
162,2021-10-22 06:58:38+00:00,b'@shopeefood_id Voucher belanja dri shopee food \xf0\x9f\x98\x81'
163,2021-10-22 06:54:52+00:00,"b'@sweetrryuu Hmmm kalo gitu kita pesen jajanan di ShopeeFood yuk Kak hihi, Mimin meluncur deluan ya. Kakak jangan lupa nyusul yaw hehe. Sehat selalu Kak \xf0\x9f\x98\x87 ^CL'"
164,2021-10-22 06:52:08+00:00,"b'saya mewakili anak kos mengucapkan terima kasih kepada shopeefood, karena jadi bisa makan enak dan murceee tiap hari \xf0\x9f\x98\xad\xf0\x9f\x99\x8f\xf0\x9f\x8f\xbc'"
165,2021-10-22 06:50:41+00:00,"b'@shopeefood_id Rekening mbelendung, promo sopifut xixixi'"
166,2021-10-22 06:50:28+00:00,b'Mau dri gofood grabfood atau shopeefood bole asal nnti ordernya pizza'
167,2021-10-22 06:49:34+00:00,"b'@Nizah_Sonata Oke aku share lok, nanti km tinggal buka aplikasi shopeefood \xf0\x9f\xa4\xa4'"
168,2021-10-22 06:48:40+00:00,b'@shopeefood_id 1. Pengumuman giveaway\n2. Pengumuman aku yang menang \xf0\x9f\x98\x85\xf0\x9f\x98\x86'
169,2021-10-22 06:47:50+00:00,"b'@shopeefood_id saya sudah menunggu pesanan saya selama 2 jam dengan driver dibawah ini,. Saya hubungi no respon. Mohon dibantu solusinya https://t.co/fwBR4zuCCj'"
170,2021-10-22 06:46:33+00:00,b'@shopeefood_id aku sih menantikan @shopeefood_id ada di samarinda min'
171,2021-10-22 06:45:59+00:00,b'Apa sih 2 hal yg selalu kamu nantikan?\nKalo mimin:\n1. Tanggal gajian\n2. Abang ShopeeFood xixixii'
172,2021-10-22 06:43:20+00:00,b'tdi gw liat ada abang grab lewat tpi pake tas shopeefood \xf0\x9f\x92\x80'
173,2021-10-22 06:41:43+00:00,"b'Huu wes ben ga berkah driver shopeefood nya, isone curang ilo'"
174,2021-10-22 06:34:09+00:00,b'Insaf rasa bila tengok history order ShopeeFood ni'
175,2021-10-22 06:31:07+00:00,b'AUNTIE ANNE\xe2\x80\x99S Promo SHOPEE MANTUL SALE \xe2\x80\x93 Cashback Rp 22.000 khusus pemesanan via SHOPEEFOOD https://t.co/idVeRlCPvi'
176,2021-10-22 06:23:16+00:00,b'Driver grab/gojek/shopeefood yg ga minta uang parkir dikasih tip.'
177,2021-10-22 06:23:03+00:00,"b'@vierda Wkwkwkwkwk...\nDisini dah tutup FP\nAda ya Grab food, Gofood, ShopeeFood'"
178,2021-10-22 06:20:51+00:00,"b""Wendy's promo khusus gofood &amp; shopeefood 69k aja harin\n https://t.co/skJcnAik3C"""
179,2021-10-22 06:20:26+00:00,b'jujur aku cinta mati sm shopeefood'
180,2021-10-22 06:19:35+00:00,b'@rjcollect gojek &amp; grab best boy w liat shopeefood pusing tp gakpapa'
181,2021-10-22 06:17:03+00:00,b'@jaemcityx belum makji mama gamasak mau shopeefood ayam geprek no money\xe2\x98\xb9\xef\xb8\x8f kurang saldo spay nya'
182,2021-10-22 06:13:43+00:00,"b'@FOOD_FESS Level mie setan, udang rambutan, lumpia udang. Barusan selesai makan\xf0\x9f\xa4\xa3\xf0\x9f\xa4\xa319rebu pakai shopeefood.'"
183,2021-10-22 06:10:50+00:00,"b""@FOOD_FESS Enggk ada, mau gofood, grabfood gk pernah dpet diskon banyak :') shopeefood doang yg bestie ma w :')"""
184,2021-10-22 06:10:34+00:00,b'@ShopeeID Jangan lupa beli makanan d shopeefood juga klo mager masak dan keluar rumah \xf0\x9f\x98\x80'
185,2021-10-22 06:10:19+00:00,"b'AMCO Sushi Express Promo Poke Nori Taco Menu hanya Rp 25.000 tersedia via GrabFood, GoFood &amp; ShopeeFood https://t.co/3ftWXCpHQJ'"
186,2021-10-22 06:08:36+00:00,"b'Ini ada bakso urat, bakso biasa, sama bakso telor nya. Gila deh. Pake shopeefood (potong koin) jadi cuma 9k aja. Sampe blengerrrr deh ah \xf0\x9f\x98\x96 https://t.co/yUlnCQVQpM'"
187,2021-10-22 06:07:25+00:00,b'Buka shopeefood sejam akhirannya masak sendiri \xf0\x9f\x98\x8a\xf0\x9f\x98\x8a'
188,2021-10-22 06:06:47+00:00,"b'jumat berkah kurang ciamik kalo dapet nasi kotak tanpa simmental, yuk ada promo di gofood &amp; shopeefood lho \xf0\x9f\x98\x97'"
189,2021-10-22 06:06:45+00:00,"b'gilaa pesen shopeefood 12.07, 13.06 baru nyampe\xf0\x9f\x91\x8f'"
190,2021-10-22 06:04:08+00:00,"b'@Mamanyasalwaa Omo,, lagi bnyak promo guys disini shopeefood \xf0\x9f\xa4\xa3'"
191,2021-10-22 06:00:00+00:00,"b'Tanggal tua tetap ceria dengan ShopeePay Day tiap tanggal 22-24\xf0\x9f\x8e\x89 Nikmati promo serunya mulai dari ShopeePay Serba Rp10, Flash Sale Rp1 hingga ShopeeFood Diskon 75%!\xf0\x9f\xa5\xb3Tunggu apa lagi? Buka aplikasimu dan gunakan ShopeePay! Cek di \xf0\x9f\x91\x89 https://t.co/d75FvKV9wy #Shopeecare https://t.co/5JKTcikSXF'"
192,2021-10-22 05:58:31+00:00,b'@ofTiway chatime pii ada promo di shopeefood tuh \xf0\x9f\xa4\x94'
193,2021-10-22 05:51:39+00:00,b'shopeefood knp voucher disc nya gede2 sekali kusuka'
194,2021-10-22 05:47:48+00:00,b'@ShopeeID Wah mimin ledekin ya.. Miminnn traktir shopeefood dong'
195,2021-10-22 05:41:23+00:00,"b'shopeefood dapet driver bapak bapak, berarti dia ga jumatan. ikut dosa ga ya'"
196,2021-10-22 05:40:10+00:00,"b'kalo dipikir2 mau masak atau order delivery food juga sama2 takes time. kalo aku sih.\n\nsoalnya aku lama bgt nentuin mau makan apa yang pas di kantong dan ga jauh. abis itu dibandingin lagi harganya di semua app, grab, gofood, shopeefood \xf0\x9f\x99\x82\xf0\x9f\x99\x83'"
197,2021-10-22 05:30:03+00:00,b'LM \xe2\x9a\xa0\xef\xb8\x8f ada yg bisa dititipin pesen shopeefood gaaa? tolong drop v yaa'
198,2021-10-22 05:26:30+00:00,b'#kopitira of the day from Chizu.\n\nI ordered Coffee Cheese with extra cheese pudding lagi\xf0\x9f\xa5\xa4\xf0\x9f\xa7\x80Sedap gils!\n\nKorang boleh claim voucher free delivery tau kat ShopeeFood @ShopeeMY setiap hari untuk jimat. https://t.co/RYxsiw3o2P'
199,2021-10-22 05:20:11+00:00,b'@AkuSukaRacun Nama shopeefood nya apa ya ko gatemu\xf0\x9f\x98\xad'
200,2021-10-22 05:08:36+00:00,b'kesel bgt pesen shopeefood pas istirahat kerja tp malah drivernya posisinya ga gerak dan ga bales chat sama sekali udah setengah jam. curga dia lg jumatan tp harusnya dimatiin dong aplikasinya haduhhhh mana shopeefood tuh gabisa batalin pesenan'
201,2021-10-22 05:08:07+00:00,"b'Saatnya Geprek Bensu atasi rasa laparmu\xf0\x9f\x98\x8b\xf0\x9f\x98\x8b\n.\nYuk order Geprek Bensu, banyak banget promo yang bisa kamu nikmati loh\xf0\x9f\xa4\xa9\n.\nBisa datang ke outlet Geprek Bensu langsung atau order via Grabfood, Gofood, Shopeefood &amp; EatsbyTraveloka ya\xf0\x9f\x98\x89\n.\n#geprekbensu #senangprodukindonesia #opp https://t.co/2cqXpj5V24'"
202,2021-10-22 05:07:33+00:00,b'@Fachrizaalll @shopeefood_id nahlohh'
203,2021-10-22 05:03:42+00:00,b'yaallah mau shopeefood tp spay gue kurang 200perak doang sedih bgt wkwkwkwkk\xf0\x9f\x98\xad\xf0\x9f\x98\xad\xf0\x9f\x98\xad\xf0\x9f\x98\xad\xf0\x9f\x98\xad'
204,2021-10-22 04:55:14+00:00,b'Sekarang aku punya pekerjaan! Yeayyyy. Driver shopeefood\xf0\x9f\x98\x9d'
205,2021-10-22 04:45:57+00:00,b'Kenape sih drtd dpt resto gabener di shopeefood.\nLg ngidam keju eh dikasi coklat.\nJauh amat bedanyaaa.\n\xf0\x9f\xa5\xb2\xf0\x9f\xa5\xb2\xf0\x9f\xa5\xb2 https://t.co/Gw4h8PUnwU'
206,2021-10-22 04:40:17+00:00,"b'Tanggal tua tetep bisa makan dan jajan enak di #ShopeePayDay! \xf0\x9f\xa4\xaa\n\nApapun rasanya bisa kamu nikmatin promo FLASH SALE RP1, SHOPEEPAY SERBA RP10, dan juga SHOPEEFOOD DISKON 75%.\n\nCus, cek infonya di https://t.co/Nbzr1MGBep\n#ShopeePayDay #ShopeePay #ShopeeID #PromoShopee https://t.co/XjBBhJrclk'"
207,2021-10-22 04:36:45+00:00,b'Niat shopeefood tapi saldo kurang gope anjir\nLiterally 500 perakkk wkwkwk'
208,2021-10-22 04:32:28+00:00,b'gila shopeefood banyak bgt promonya ga kaya grab boongan sue'
209,2021-10-22 04:31:14+00:00,"b'@ssefnum Di shopeefood tiap hari diskon kok, aku saranin bube!'"
210,2021-10-22 04:22:16+00:00,"b'@haneeepie oalahh, outlet janjiw toast di deket rumahku blm ada di shopeefood \xf0\x9f\xa5\xb2'"
211,2021-10-22 04:16:36+00:00,"b'WTS VOUCHER SHOPEE\nReady gratis ongkir\nReady shopee food\nS&amp;K dm ajaa, bisa cek harga duluu yaa~\ngass dm ajaa, fee murce!\n\nt. wtb wts need ada mau jual beli vc voucher voc gratong shopee minbel 0 shopee food shopeefood\n\n#zonauang  #zonajajan https://t.co/WMKzbH69oP'"
212,2021-10-22 04:16:25+00:00,b'Pengen Yoshinoya tapi budgetku lagi Hokben diskon ShopeeFood.'
213,2021-10-22 04:08:27+00:00,b'haloo aku ada voucher shopeefood potongan 25k 18k samaa 15k fee nyaa 2k-5k yaa #zonauang #zonajajan #zonaba https://t.co/vu3Ib7WRjW'
214,2021-10-22 03:58:31+00:00,b'ada tak jual cake kat shopeefood ni tibeh rasa nak makan kek'
215,2021-10-22 03:53:54+00:00,b'@jojlicht @FOOD_FESS biasa beli yg sushi attack ichikuma di shopeefood'
216,2021-10-22 03:51:04+00:00,"b'auto shopeefood weh hari2, nasib murah sbb free delivery and banyak diskaun https://t.co/15r5kV8kkv'"
217,2021-10-22 03:40:25+00:00,"b'Besok kalo punya rumah, g mau tinggal di desa ah. Soalnya g bisa ngerasain promo shopeefood dan makanan enak lainnya'"
218,2021-10-22 03:37:16+00:00,b'icm venti myr15 je dekat shopeefood'
219,2021-10-22 03:33:15+00:00,"b'@ShopeeID @Frizzy7296 Hai admin, ini kok pendapatan resto shopeefood ga di transfer2 ya? Katanya 2-5 hari kerja jg ga di transfer2 nih, sampe bingung muter uang buat modal\xf0\x9f\x99\x8c\xf0\x9f\x8f\xbb'"
220,2021-10-22 03:31:04+00:00,"b'Hola holaaa holaaaaa! Happy banget nih ya menyambut weekend \xf0\x9f\x98\x8d\n\nBiar jumatnya makin semangat, yuk pesen @nasgortiarbah kemayoran \xf0\x9f\x94\xa5\xf0\x9f\x94\xa5\xf0\x9f\x94\xa5\n\nGofood \xe2\x9c\x85\nGrabfood \xe2\x9c\x85\nShopeefood \xe2\x9c\x85 https://t.co/oSdkWTqFd2'"
221,2021-10-22 03:30:05+00:00,"b""khusus shopeefood karenaa kaloo menang hexa langsung pesenin darii aplikasi punyaa hexa yaa. \njadii siapinn alamat yg jelas ajaa (privasi aman, no bocor sepertii no drop) \ntidak bisaa diuangkan mohon maaf\xf0\x9f\x99\x8f\xf0\x9f\x8f\xbb\n\nendnyaa habis jum'atan yaa sekitar jam 1! \n\ngoodluck\xf0\x9f\xa4\x8d\xf0\x9f\xa4\x8d\xf0\x9f\xa4\x8d"""
222,2021-10-22 03:28:37+00:00,b'@pinnepel_pipel aduh gatau tu bu marni ada di shopeefood mending ke tempat langsung'
223,2021-10-22 03:24:37+00:00,"b'@hexAphroditee udah, udah ada shopeefood'"
224,2021-10-22 03:23:26+00:00,"b'@hexAphroditee udah banyak shopeefood disini, tp belum pernah coba make shopeefood'"
225,2021-10-22 03:22:56+00:00,"b'ok ok ini beneran hahaha. \n\nkarena jumat berkah, hexa(+ sponsor) mau beliin kopii/jajan buat 4 orang yang rep tweet ini yaa! \n\nsyaratnya cuma di daerah rumahnya udah ada shopeefood ajaa. \nrep bebas, hexa pilih random pakai tools kok jadii fair and square! \n\ngood luck \xf0\x9f\xa4\x8d\xf0\x9f\xa4\x8d\xf0\x9f\xa4\x8d https://t.co/NFO2jsDQxf'"
226,2021-10-22 03:18:36+00:00,"b'@favoojekey di shopeefood setiap hari ada kak, di grab juga biasanya ada coba cek disini @RacunBelanja'"
227,2021-10-22 03:17:42+00:00,b'@favoojekey aku biasanya banyak di grab/shopeefood si mutt'
228,2021-10-22 03:16:41+00:00,b'@undipmenfess Sayang banget di rumahku g ada shopeefood'
229,2021-10-22 03:06:54+00:00,"b'Liat croissant geprek di shopeefood, sebiji 20rb \n\nGa dulu deh wkwk https://t.co/RNQoz0RZkh'"
230,2021-10-22 03:04:59+00:00,b'di daeraah kaliaan udaah ada shopeefood beloom?'
231,2021-10-22 02:59:41+00:00,"b'@jill_bobby THIS\n\nSenja nitip lapak jualan Senja : Ricebox Wagyu, available di Jakarta dsk, bisa dipesan via GoFood/GrabFood/ShopeeFood (search : senjayummy). https://t.co/WPUxf5jlBM'"
232,2021-10-22 02:59:06+00:00,"b'@aan__ Serem ya Kak \xf0\x9f\xa5\xb4\xf0\x9f\xa5\xb4\n\nSenja nitip lapak jualan Senja : Ricebox Wagyu, available di Jakarta dsk, bisa dipesan via GoFood/GrabFood/ShopeeFood (search : senjayummy). https://t.co/pJulKzMm6R'"
233,2021-10-22 02:57:39+00:00,"b'Gak usah takut sama tanggal tua, soalnya ada #SHOPEEPAYDAY yang bikin tanggal tua tetep happy! \xf0\x9f\x98\x9d\xf0\x9f\x98\x98\n\nCuma sampai 24 Oktober, nikmati FLASH SALE RP1, SHOPEEFOOD DISKON 75%, sampai SHOPEEPAY SERBA RP10!\n\nCus, cek https://t.co/Nbzr1MGBep yaa.\n#ShopeePay #ShopeeID #PromoShopee https://t.co/Of19ESfMzk'"
234,2021-10-22 02:57:23+00:00,"b'Pengen selat solo bgt, ada yg pernah beli di grab food/gofood/ shopeefood ga?'"
235,2021-10-22 02:56:35+00:00,b'ShopeeFood andalanku selama di Jogja'
236,2021-10-22 02:01:53+00:00,b'@dontbesyai Bismillah bantu @upnormalgang jemput rezeki biar dapet shopeefood wkwk'
237,2021-10-22 01:53:38+00:00,b'shopee kenapa dom ku tidak ada shopeefood?? @ShopeeID'
238,2021-10-22 01:52:01+00:00,"b'shopeefood bnr2 menopang hidup anak kos, seengganya buat sekarang krn promonya masi murah hati xixixi &lt;3 https://t.co/M1FX4BamXp'"
239,2021-10-22 01:43:51+00:00,"b'@FFOODFESS Di shopeefood juga bisa nder, bisa 20k an versi yg lain \xf0\x9f\x98\x85'"
240,2021-10-22 01:23:52+00:00,b'@arrasyyyy Kak rrrra ayo ke dom gwen..\nNtar beli shopeefood banyak2 \xf0\x9f\x98\x98\xf0\x9f\x98\x98'
241,2021-10-22 01:16:42+00:00,"b'@inganggita suami : gojek\nistri : shopeefood\ncompare harga dan promo\n\nsimple sebenarnya, tapi memakan waktu 30 menitan \xf0\x9f\x98\x82\n\nurusan perut buatku, tidak sesimple gambaran pria di atas wkwk.'"
242,2021-10-22 00:58:03+00:00,b'Pagi ini diawali dengan salah mencet lokasi shopeefood. MARAAAAAAH.'
243,2021-10-22 00:50:04+00:00,b'Shopeefood aja apa ya :('
244,2021-10-22 00:06:35+00:00,b'ShopeeFood dah tak bagi voucher ke???'
245,2021-10-21 23:32:42+00:00,"b'@babucats @mouldie_sep Jujur aku masih pake titidije, biasanya kalau order shopeefood atau gofood mesti bilang gt ke kurirnya \xf0\x9f\x99\x82'"
246,2021-10-21 23:22:57+00:00,"b'pagi pagi : ""rekomen shopeefood"" aslii dari kemarin mau jajan gatau apaan hshshs'"
247,2021-10-21 21:39:33+00:00,b'Hayo seng senengane tuku mangan bareng gae gofood/grabfood/shopeefood ojo lali split bill'
248,2021-10-21 21:35:16+00:00,"b'@Shafasyaya hai kak, mohon maaf atas ketidaknyamanannya. terkait kendala kakak bisa infokan nomor pesanan ShopeeFood tersebut melalui DM agar bisa aku bantu cek ya kak. ditunggu \xf0\x9f\x99\x8f ^CK'"
249,2021-10-21 21:00:16+00:00,b'@bogorfess_ gojek aja/shopeefood'
250,2021-10-21 19:29:38+00:00,b'Jangan lupa klaim Voucher ShopeeFood kamu hari ini \n\nhttps://t.co/tCA2ilgUvH'
251,2021-10-21 19:15:40+00:00,"b'Pesen makan terlama di @shopeefood_id @ShopeeID awalnya mesen lele goreng tiba tiba abis terpaksa harus ganti ayam goreng nambah 5ribu lagi mana duit lagi pas pasan tinggal segitu segitunya, di cancel gak bisa https://t.co/RaFnCmE9nn'"
252,2021-10-21 18:46:29+00:00,"b'ada orderan shopeefood di warung gue,  ternyata drivernya msi kelas 11 dan dia ngalong pdhl paginya sekolah. dan kerennya, pas mau pergi anter pesenan dia pamitan salim dulu sm ayah ibuk. semangat cari cuan adeeeek!\xf0\x9f\x91\x8d'"
253,2021-10-21 17:55:03+00:00,b'@___mouraa Xiboba tuh lagi buy 1 get 1 croffle terus pake voucher shopeefood cuma 40an'
254,2021-10-21 17:12:16+00:00,b'@bdngfess cukup.. shopeefood grabfood banyak promo di bdg'
255,2021-10-21 17:03:27+00:00,b'@skinsmoothiara @shopeefood_id Tunggu aku balik ntar kita jajan muterin smg\xf0\x9f\x98\xad'
256,2021-10-21 16:56:18+00:00,b'Mau shopeefood es.teh tp jauhh bngttttttt masa mahalan ongkirnya drpd minumannya sy sballlllll\xf0\x9f\x98\x95\xf0\x9f\x98\x95\xf0\x9f\x98\x95\xf0\x9f\x98\x95\xf0\x9f\x98\x95'
257,2021-10-21 16:54:31+00:00,b'@AshraffSanuddin Done semua step! Semoga ada rezeki saya boleh beli mknn kt shopeefood and semoga bertmbh jugak rezeki pemberi amin \xf0\x9f\xa4\xb2\xf0\x9f\x8f\xbc https://t.co/Dbr1QdJ4m9'
258,2021-10-21 16:53:11+00:00,"b'@shopeefood_id udah berkali kali dpt driver shopeefud yang di map ga gerak tp udh ga bisa dicancel..\nSkrg lg order dan udh setengah jam drivernya ga gerak menuju resto, di chat bilangnya tunggu..\nPernah terparah sampe 2 jam baru dtg makanannya\nPlis plis.. lama2 jengkel ih'"
259,2021-10-21 16:49:42+00:00,b'abi nunggu shopeefood sampe tidur untung ketauan lagi mesen haddeuh'
260,2021-10-21 16:44:57+00:00,b'Patungan sedekah untuk McD bareng ShopeeFood. https://t.co/0K7ALWvoAp'
261,2021-10-21 16:31:48+00:00,b'@berbuatdosaa @kakroms Wkwkwk shopeefood kyo asu'
262,2021-10-21 16:27:36+00:00,"b'@jogmfs info le ndue resto shopeefood e banter boss, ijin ngiperi\xf0\x9f\x98\x80'"
263,2021-10-21 16:21:53+00:00,"b'Kalo blm tidur,  suka serem dihantuin discount 70% shopeefood'"
264,2021-10-21 16:18:56+00:00,"b'Aku mau rekomendasiin Sop Iga Jontor di Balonggede, ini tu murah dan enak banget iganya nggak pelit, dan sambelnya mantep, beli di shopeefood harganya ke up gede tapi pake voucher jadi murah banget 2 porsi cuma 25rb https://t.co/khXpHEhoJy'"
265,2021-10-21 15:58:22+00:00,b'@artineutami diselingi shopeefood kak ben ga lelah banget \xf0\x9f\x98\x8b'
266,2021-10-21 15:38:18+00:00,b'Dah pesen di shopeefood tenang aja. Abangnya otw'
267,2021-10-21 15:18:42+00:00,"b'Tau cafe ini gara2 liat di shopeefood dan punya rating yang bagus \xf0\x9f\x8c\x9f4.9\n\xf0\x9f\x9b\x8eDisini menunya cukup variatif.Ada makanan berat, jajanan, dan minuman.\n\xf0\x9f\x8d\xbdAku selalu pesen greentea &amp; kentang goreng. Grenteanya enak bgt! \xf0\x9f\xa5\xb2\xf0\x9f\x91\x8d\xf0\x9f\x8f\xbb\n\n\xf0\x9f\x93\x8cCuss meluncur \xf0\x9f\x91\x89\xf0\x9f\x8f\xbb https://t.co/pacKrYXASh https://t.co/86CRJbMvIq'"
268,2021-10-21 15:17:51+00:00,b'Daftarin warung shopeefood susyahhh bgt'
269,2021-10-21 15:04:17+00:00,b'@arrasyyyy Pokoknya dom gue jakarta utara. Terserah mau lu shopeefood in gue kek ngga kek. Ini mah cuma mau curhat aja biar gue gk ketinggalan \xf0\x9f\x98\xad\xf0\x9f\x98\xad gue mau tidur awal\xc2\xb2 soalnya beb. Kepala pusing sekaleh \xf0\x9f\x98\xad\xf0\x9f\x98\xad'
270,2021-10-21 15:04:05+00:00,b'@arrasyyyy ka ara manaa\xf0\x9f\x98\xad\naku jawa tp gaadaa shopeefood\xf0\x9f\x98\xad'
271,2021-10-21 15:03:35+00:00,"b'\xf0\x9f\x8d\xbd REKOMENDASI MAKANAN &amp; MINUMAN DI SEMARANG khususnya daerah Banyumanik, Tembalang, dan sekitarnya \xf0\x9f\x8d\xbd\n\n\xe2\x9c\xa8\xf0\x9f\x8c\x9f Semuanya bisa di order di @shopeefood_id \xf0\x9f\x8c\x9f\xe2\x9c\xa8\n#racuninkuliner\n#lokalfood\n\n[A THREAD] https://t.co/qxg9zW9l4n'"
272,2021-10-21 14:56:31+00:00,b'Shopeefood knp si wkwk gue pesen rotbak dari jam set7 baru nyampe skrg abangny'
273,2021-10-21 14:55:32+00:00,"b'@bdngfess Aku pernahnya 150 buat 7 hari dan itu cukup malah nyisa banyak. Soalnya aku makan sehari sekali doang dan nyari promo di grabfood atau shopeefood. Pernah nemu promo makanan cuma 5k doang udah sama ongkir :"") Ini posisinya aku gada beras, stok makanan, dan galon di kosan yaa'"
274,2021-10-21 14:54:09+00:00,b'@sakuraachang @collegemenfess Masalahnya gue jg beli ct via shopeefood biar diskon \xf0\x9f\x98\xab\xf0\x9f\x98\xab\xf0\x9f\x98\xab\xf0\x9f\x98\xab'
275,2021-10-21 14:53:49+00:00,b'@arrasyyyy Shopeefood nya itu di rest area tol deketku kak masuknya dom kabupaten Semarang'
276,2021-10-21 14:46:30+00:00,b'tetap dirumah aja kak dengan memesan shopeefood yukkkkss https://t.co/W7uAEeExLK'
277,2021-10-21 14:46:03+00:00,b'@ShopeeID balikin akunku huhu ku juga pengen ngrasain promo2 shopeefood\xf0\x9f\x98\xad\xf0\x9f\x98\xad'
278,2021-10-21 14:38:39+00:00,b'pengaplikasian game theory dalam pengambilan keputusan menu di shopeefood\n\ntengs tu kakel terterter @albingapakeuhuy ide lu emg mantuliti endolita'
279,2021-10-21 14:38:21+00:00,"b'BTW, INI KU BUKA LAGI REPLY NYA, AYO YG DOM NYA BISA PAKE SHOPEEFOOD, REPLY AJA DI QRT INI KAMU DOM MANA. BIAR LAIN KALI GMPANG KLO MAU DIJAJANIN\xf0\x9f\x91\x8d https://t.co/uo8h1Erxwu'"
280,2021-10-21 14:38:19+00:00,b'Kerecehan gue sama abang shopeefood wkwkwk https://t.co/B8jx2IL4Kc'
281,2021-10-21 14:37:30+00:00,b'@ShopeeCare Jawaban nya C dong min\xf0\x9f\x98\x8d #shopeecare #ShopeeFood \xf0\x9f\x92\x8b\xf0\x9f\x92\x8b\xf0\x9f\x92\x8b\xf0\x9f\x92\x8b\xf0\x9f\x92\x8b'
282,2021-10-21 14:29:39+00:00,"b'Kl buat makanan enakan shopeefood, kl belanja enakan tokped cashback nya banyak.'"
283,2021-10-21 14:25:49+00:00,b'@arrasyyyy aku ada shopeefood tapi gaada saldo \xf0\x9f\x98\x8a'
284,2021-10-21 14:24:31+00:00,b'@ShopeeCare Jawaban nya C dong min\xf0\x9f\x98\x8d #shopeecare #ShopeeFood'
285,2021-10-21 14:23:25+00:00,b'gojekku kalo udah jam 8 ke atas hanya muter muter ajaaa~ untung ada shopeefood lah yaa'
286,2021-10-21 14:21:59+00:00,"b'@arrasyyyy Jangan kan shopeefood, gojek aja kaga ada,mekdi gaada aemua kga ada dikota ku\xf0\x9f\x98\xad\xf0\x9f\x98\xad\xf0\x9f\x98\xad'"
287,2021-10-21 14:21:35+00:00,b'@arrasyyyy Aminn ku doain Ara dapet suami perusahaan shopee biar bisa shopeefood di buka di Makasar \xf0\x9f\xa4\xa3\xf0\x9f\x98\xad'
288,2021-10-21 14:17:59+00:00,b'menyesal beli seblak di shopeefood tidak ada pedes pedesnya\xe2\x98\xba\xef\xb8\x8f https://t.co/OJtMgsvbde'
289,2021-10-21 14:13:17+00:00,"b'funfact gue baru pertama kali mkn basreng tgl 14 okto kmrn. itupun gue gatau orisinil atau ga karna pesen di shopeefood. i mean, gue gatau basreng yg enak rasanya gmn, apa kayak yg gue beli atau ga, but gue jatuh cinta sama basreng. ky kmn aja gue 21 tahun ini??? basreng enak woi'"
290,2021-10-21 14:11:36+00:00,"b'Shopeefood bnyak diskon nya, tapi sayang bnget di dom ku blum ada\xf0\x9f\x98\xad\xf0\x9f\x98\xad\xf0\x9f\x98\xad\xf0\x9f\x98\xad\xf0\x9f\x98\xad'"
291,2021-10-21 14:09:52+00:00,b'@tvindonesiawkwk Seragam oren shopeefood apa pemuda pancasila?'
292,2021-10-21 14:07:02+00:00,"b'Malu banget guys tadi manggil mba ke mas mas shopeefood, padahal profilenya laki. Soalnya pas dateng tuh perawakannya seperti ibu ibu muda, maaf mas'"
293,2021-10-21 14:05:27+00:00,b'parah bgt ni shopeefood error jlek bgt'
294,2021-10-21 14:00:31+00:00,b'Udah pensiun dari coboy junior &amp; lulus kuliah sekarang jadi driver shopeefood https://t.co/bAdlcILewj'
295,2021-10-21 13:35:51+00:00,"b'@zskiaurynh @darjofess Katerungan mbak, di pujasera katerungan. \nDi gofood atau shopeefood ada kok'"
296,2021-10-21 13:33:18+00:00,b'-11fess siapa yg gofood atau shopeefood nya ada promo gede?? dan mau dititipi beli hehe'
297,2021-10-21 13:31:52+00:00,"b'INI ENAK MANA HARGANYA MURAH\xf0\x9f\x98\xad Aku beli di Esque, nama menunya Lovely Strawberry Cream. harganya cuma 16k-an, terus aku beli yang large nambah 3,7k apa berapa gitu lupa pokoknya aku beli di shopeefood dapet diskon jd cuma bayar 9,2k. \xf0\x9f\x98\xad murah bgt. \xf0\x9f\x98\xad'"
298,2021-10-21 13:31:51+00:00,b'yuk 2k/voc. buat shoppe ga harus ada spay kok kalo mau cek harga. \n\nt. voc shopeefood sopifut voc goride voucher\n\n#zonauang #zonaba #zonajubel https://t.co/DffqjV14qt'
299,2021-10-21 13:31:37+00:00,"b""'laper'\n\n*scroll shopeefood* \n\ndan akhirnya order kopi"""
300,2021-10-21 13:29:30+00:00,b'@littlegutboi SHOPEEFOOD MURAH BGT HUHU BRSYUKUR'
301,2021-10-21 13:17:58+00:00,"b'Dear @ShopeeID @ShopeeCare , saya udah 3x dapat orderan shopeefood fiktif mengatas nama kan saya dan nomer tlp saya dan kirim ke alamat kantor saya dan rumah saya dengan jumlah nominal 361rb, 2,5jt, 1,5jt . Saya dan driver merasa di rugikan. Sdh tlp cs tp tdk ad solusi yg jelas.'"
302,2021-10-21 13:15:59+00:00,b'Subway blm masuk di gofood or grabfood or shopeefood yaa ???'
303,2021-10-21 13:10:56+00:00,b'Non-sensor nya di IG yah..... #ShopeeFood #NanoNano https://t.co/2B86AxovXR'
304,2021-10-21 13:06:39+00:00,b'@hwniekyu tempatku gd shopeefood:('
305,2021-10-21 13:05:07+00:00,b'@bubuphilei Mau buat shopeefood adekk\xf0\x9f\x98\xad'
306,2021-10-21 13:01:54+00:00,b'Knpa ongkir shopeefood mahal semua \xf0\x9f\xa5\xb2'
307,2021-10-21 12:37:20+00:00,b'Kalo lg diem gini trus belom makan bawaannya pengen buka shopeefood trs order pak gembus (lagi) deh\xe2\x80\xa6 \xf0\x9f\xa5\xb2'
308,2021-10-21 12:36:23+00:00,"b'Kalo dulu belanja soymilk, terus sayur, dressing, sama oat gitu sekali belanja bisa mayan mahal tapiiiiiii bisa buat lama..\nNah kalo gak diatur nih duit rekening cepeeet bgt ngalir ke shopeefood. Semakin diskon semakin boros syetaaaaan kaya semua murah mau diembat\xf0\x9f\x98\xab'"
309,2021-10-21 12:33:52+00:00,b'-dips! Kasih tau resto yg jual churros enak yang bisa dibeli lewat grab/gojek/shopeefood dong'
310,2021-10-21 12:20:38+00:00,"b'Update shopee sebab nak try shopeefood, tapi tak ada pun..\nMungkin belum cover Johor lagi..'"
311,2021-10-21 12:19:54+00:00,"b'Gak perlu takut sama tanggal tua, soalnya besok promo #ShopeePayDay bakal balik lagi! \xf0\x9f\xa4\xa9\xf0\x9f\xa4\xa9\n\nAda banyaaaak banget promo yang bisa kamu nikmatin kayak SHOPEEPAY SERBA RP10, FLASH SALE RP1, sampai SHOPEEFOOD DISKON 75%.\n\nCek info lengkapnya di https://t.co/Nbzr1MGBep.\n#ShopeePay https://t.co/zqyrVQMGfl'"
312,2021-10-21 12:15:03+00:00,"b'surat trbuka nih buat @ShopeeID . barusan aja tadi sore saya mesen shopeefood pake voucher yang lumayan gede dan aman aman aja, terus skarang tbtb akun saya di non aktifkan terus mau login dapet notif begini? penjelasan nya dong tolong, itu masih ada shopeepaynya di dalam https://t.co/2jNjNPrJJm'"
313,2021-10-21 12:10:13+00:00,"b'ShopeeFood, kalau kedainya out of delivery distance, janganlah bagitau waktu checkout. Dah spend 45 minit pilih makanan know know kenot deliver. Sakit.'"
314,2021-10-21 12:07:24+00:00,b'Duit abis di shopeefood ae ini mah'
315,2021-10-21 12:02:46+00:00,"b'shopeefood tuh ada fitur chatnya ga sih, kenapa drivernya sering banget masuk2 kos trs teriak2. heran.'"
316,2021-10-21 11:45:22+00:00,b'Ketika mas mas shopeefood temen gue sendiri udah gitu temen akrab :) https://t.co/AyxZQnjQFh'
317,2021-10-21 11:25:45+00:00,"b'lumayan klo pesen shopeefood, untuk maksi skaligus maklam di kantor'"
318,2021-10-21 11:22:50+00:00,b'@shopeefood_id reminder nih min untuk sesekali berbagi \xf0\x9f\x96\x92'
319,2021-10-21 11:14:17+00:00,"b'Kebiasaan pake shopeefood, eh td pake grab trs drivernya kebetulan krj di shopeefood juga trs nanya ""tumben pake grab mbak"" \xf0\x9f\x98\x82'"
320,2021-10-21 11:12:21+00:00,"b'Aku yg sekarang top up shopeepay bukan buat belanja, tapi buat jajan shopeefood terus\xf0\x9f\x98\xad\xf0\x9f\x98\xad\nYa Allah, boros kali aku\xf0\x9f\x98\xad\xf0\x9f\x98\xad'"
321,2021-10-21 11:08:57+00:00,b'Bapaknya lucu&lt;3 https://t.co/YdlvZtC1LY'
322,2021-10-21 11:07:36+00:00,b'Pesen makan pake shopeefood aja aku masih split bill.'
323,2021-10-21 11:07:34+00:00,"b'Tolong yaa @shopeefood_id @ShopeeID lebih di perhatikan lagi sikap drivernya, saya gak pernah kecewa soal pesanan lain. Tp bener2 kesel sama pelayanan shopee food nya.'"
324,2021-10-21 11:07:23+00:00,"b'Guis yuk diorder cemilannya\xe2\x98\xba\xef\xb8\x8f\nMenu+price list lainnya ada di bawah ya\xf0\x9f\xa4\x97\n\nYang mau order langsung DM ke @cemilan_kenyang\nTersedia di Gofood/Grabfood/ShopeeFood\nCek Instagram \xe2\x80\x9cmacronis_food\xe2\x80\x9d \n\nDom Malang, Jatim. https://t.co/OUhEbfoUCe'"
325,2021-10-21 11:05:55+00:00,"b'Saya pesen via @shopeefood_id @ShopeeID karena emg lg ada promo, eh tp sikap drivernya kurang mengenakan bgt. \nDibanding driver @GrabID atau @gojekindonesia, drivernya @shopeefood_id @ShopeeID buruk bgt sumpah. \nEmg cuma 1 driver ini aja tp sumpah bikin kesel.'"
326,2021-10-21 11:05:04+00:00,"b""Promo WENDY'S PAKET SPESIAL khusus GOFOOD/SHOPEEFOOD mulai Rp. 69.999\n\nklik link di bawah ini untuk info selengkapnya\nhttps://t.co/011F4tAqxu\n\n#wendys #promo #diskon #infopromo https://t.co/dZD0Yp7IMz"""
327,2021-10-21 11:03:44+00:00,"b'Saya sampe di chat di tlpn dimarah-marahin sama driver @shopeefood_id @ShopeeID grgr saya ngasig rate gak sesuai yg dia mau, pdhl sayapun gak ngasih rate rendah 3-1 tp 4 dan masih saya kasih tips meskipun saya kesel. Hanya ngasih penilaian aja klo emang sikapnya gak sopan.'"
328,2021-10-21 11:01:36+00:00,"b'drivernya nyolot nyuruh saya liat titik antar. \nPerasaan waktu terakhir saya pesen di @shopeefood_id @ShopeeID dan saya ngasih tau titik antar drivernya ramah dan ngerti saya jelasin alamat, malah driver blg klo maps antar di shopee emang suka salah.'"
329,2021-10-21 10:59:38+00:00,"b'sumpah gak ngerti sama salah satu driver @shopeefood_id @ShopeeID \nsaya ngasih tau baik2 klo alamat udh sesuai sama tempat saya tinggal, sebelumnya driver tersebut nanya titik antar apa betul saya blg itu alamatnya udh sesuai tp titik salah. \nDan saya ngasih tau baik2 tp.. (cont'"
330,2021-10-21 10:52:17+00:00,"b'@klniin Asli serem banget hujannya, mana lagi pesen shopeefood kasiang mangnya'"
331,2021-10-21 10:38:43+00:00,"b'BANTU VIRALKAN !!! Kelakuan yang mengaku Driver SHOPEEFOOD!!\nBukan saya lebay atau gimana, Apakah pantas seorang yg berprofesi sebagai Driver Shopeefood dan Gojek berkata seperti ini ??\nNorak , Bantu VIRALKAN !! Lokasi Depok https://t.co/5Dci8ack3n'"
332,2021-10-21 10:35:28+00:00,b'makasih shopeefood https://t.co/WUQC91vKS5'
333,2021-10-21 10:31:48+00:00,b'Shopeefood knp bikin aku jajan trs\xf0\x9f\x98\xad\xf0\x9f\x98\xad'
334,2021-10-21 10:29:48+00:00,"b'Guis hujan gini enaknya order pangsit goreng spesial yukk \xf0\x9f\x98\x8d\n\nYang mau order langsung DM ke @cemilan_kenyang\nTersedia di Gofood/Grabfood/ShopeeFood\nCek Instagram \xe2\x80\x9cmacronis_food\xe2\x80\x9d \n\nDom Malang, Jatim. https://t.co/X4bVkSerSb'"
335,2021-10-21 10:27:43+00:00,b'ke circle k jalan kaki cuma 5 mnt tp ak pesen lewat shopeefood gpp kan ya\xf0\x9f\x98\x9e'
336,2021-10-21 10:23:24+00:00,"b'Nasi Goreng Tiga De Nok - Palmerah sekarang ada di ShopeeFood! Pesan Sekarang, langsung diantar. https://t.co/WnLvfcwVNg https://t.co/YuNWNohlaY'"
337,2021-10-21 10:22:48+00:00,b'@BaleBengong #kamisbisnis\nMasih ada nih diskon di shopeefood. Nugget 35rb jadi 16rb saja.. jangan lupa claim voucher yaa..\nSilakan klik link nya https://t.co/QzOt3aNrj3 https://t.co/MBFSITD1eF'
338,2021-10-21 10:09:19+00:00,b'Kenapa deh shopeefood makanannya ga ada decs jadi gua bingung isinya apa aja'
339,2021-10-21 10:08:55+00:00,"b'Guis yuk diorder cemilannya\xe2\x98\xba\xef\xb8\x8f\nMenu+price list lainnya ada di bawah ya\xf0\x9f\xa4\x97\n\nYang mau order langsung DM ke @cemilan_kenyang\nTersedia di Gofood/Grabfood/ShopeeFood\nCek Instagram \xe2\x80\x9cmacronis_food\xe2\x80\x9d \n\nDom Malang, Jatim. https://t.co/7kWW9pCt4h'"
2021-10-21 10:00:27+00:00,b'@detikcom Rame banget!!!\nYaaa kaleee gk ada yg beli!!!\nBakso Budeh Pur\n\nGoFood @gojekindonesia\nhttps://t.co/5foCeZSvN9\n\nGrabFood @GrabID\nhttps://t.co/fyRA6e4eaL\n\nShopeeFood @ShopeeID\nhttps://t.co/PNe3RtzYGw'
2021-10-21 10:00:01+00:00,"b'Drama Uang Ditahan Karena Laku Akibat Promo Dari Shopee\n\nps:\nJadi.... Akibat promo shopee resto terlalu laku, sehingga layak suspend karena mencurigakan? \xf0\x9f\xa4\x94\n\nLebih lengkap baca di:\nhttps://t.co/TFtYvFFqEf\n\ncc: @ShopeeID \ncc: @shopeefood_id https://t.co/4yVDUnpZJp'"
2021-10-21 10:00:00+00:00,"b'Setiap Jumat makan hemat banget? CJ aja!\nFREE Western Beefbac Cheeseburger setiap pembelian 2 Western Beefbac Cheeseburger berlaku untuk Dine In, Take Away, Drive Thru, juga pesan antar lewat Grabfood, GoFood, Shopeefood atau One Stop CJ.\n#CarlsJrID #CarlsJr #Chargrilledburger https://t.co/y8tl4f6EUZ'"
2021-10-21 09:42:01+00:00,b'Driver @shopeefood_id Jogja akhlakless sejam dichat ga dibls tau2 cancel https://t.co/K0pUKiVVxS'
2021-10-21 09:35:40+00:00,b'@SINON_4 Aku pernah order shopeefood drivernya di meksiko'
2021-10-21 09:35:02+00:00,b'lebih cinta lagiii nemu nasi padang enaq di shopeefood eandom aja milih yg bintangnya gede dan ternyata MURCEUU parah dan ENAK BGT!!:( double combo yuhu alhamdulillah\xf0\x9f\xa5\xb0\xf0\x9f\xa5\xb0'
2021-10-21 09:27:10+00:00,"b'Apa nama menu ini, A/B \xf0\x9f\x98\x81\xf0\x9f\x98\x8b\n.\nYuk langsung order yaa \xf0\x9f\x98\x89\n.\nOjek Online Kita Stby untuk kamu biar banyak diskon\nGofood , Grabfood, ShopeeFood ,Traveloka Eats https://t.co/1JoS1ZkM22'"
2021-10-21 09:25:07+00:00,"b'@indomeyeah aku kirain cuma aku yang kalo buka grabfood, gofood, shopeefood bingung mau makna apa scroll scroll 30 menitan lebih'"
2021-10-21 09:19:53+00:00,b'Mesen shopeefood tapi tiba2 ujan deres bgt kasian drivernya\xf0\x9f\x98\x9f'
2021-10-21 09:12:59+00:00,b'@Iiquorcy baru pernah sekali pake shopeefood itupun karena tadi mau beli lauk ke warung ternyata tutup https://t.co/FvSzzCs3KF'
2021-10-21 09:03:51+00:00,"b""@carnasterion Shopeefood ada vocnya tiap harii, cek aja '-'b"""
2021-10-21 08:58:40+00:00,"b'@yaemikc sbucks lg a shopeefood lg bnyak diskon sumpa, u bli ap'"
2021-10-21 08:57:40+00:00,"b'@Iiquorcy Belom pernah jajan di gofood/shopeefood, grabfood ga punya aplikasi nya\xf0\x9f\x98\x82\xf0\x9f\x98\x82 https://t.co/8k4L3oYmEU'"
2021-10-21 08:56:23+00:00,b'@Iiquorcy mengsedih di tempatku gk ada shopeefood\xf0\x9f\x98\x9e'
2021-10-21 08:55:54+00:00,b'Kamu butuh kehangatan? wis rasah galau sik ora duwe pacar. Mie Godog Sambat siap memberikanmu kehangatan lebih dari sekedar pacar.\xc2\xa0\n\nAda di warung mbah sambat. Bisa dine in/take away. Bisa juga pesen lewat GoFood/ShopeeFood. https://t.co/ngQhtGaTI7'
2021-10-21 08:55:34+00:00,b'@jaemcityx benerrr ); sbucks lg promo di shopeefood makjii ayo minum kopi biar ga stress karna panas https://t.co/2P2PIvPYs3'
2021-10-21 08:55:19+00:00,"b'kalau orang bandung mah makan di sini aja, mau split blill atau engga; gaada damagenya buat dompet. kalau males keluar rumah bisa cari di shopeefood biar mamang shopeefood yg kirim. inget brader beuteung sebeuh dompet weteuh \xf0\x9f\x91\x8d https://t.co/Twz3K8RhGE https://t.co/W4LMMk7ESR'"
2021-10-21 08:54:23+00:00,"b'@Iiquorcy gapernah shopeefood, gofood. ga ada dua ituu'"
2021-10-21 08:49:23+00:00,"b'MD yuk diorder pangsit goreng spesialnya\xe2\x98\xba\xef\xb8\x8f\nMenu+price list lainnya ada di bawah ya\xf0\x9f\xa4\x97\n\nYang mau order langsung DM ke @cemilan_kenyang\nTersedia di Gofood/Grabfood/ShopeeFood\nCek Instagram \xe2\x80\x9cmacronis_food\xe2\x80\x9d \n\nDom Malang, Jatim. https://t.co/YbBqZoZmft'"
2021-10-21 08:48:49+00:00,b'driver shopeefood tu mantap joki balap semua kali ya'
2021-10-21 08:41:56+00:00,b'Hari2 tggu voucher shopeefood... \xf0\x9f\xa4\xad\xf0\x9f\xa4\xad\xf0\x9f\xa4\xad'
2021-10-21 08:26:06+00:00,b'baru tau yg cabang tlogo udh avail di shopeefood\xf0\x9f\x98\xa9 selama ini beli minum yg cabang gajah.. https://t.co/SiaSbb8tgY'
2021-10-21 08:25:54+00:00,b'@jimarryy asli pesen di gofood selalu mahal gapernah dapet potongan gede gitu\xf0\x9f\xa4\xa3 shopeefood aja nanti\xf0\x9f\x98\x86'
2021-10-21 08:22:37+00:00,"b'Dikantor yg sering shopeefood cuma aku, rasa2nya kok kyk pemborosan amat ya yg lain ga pernah pada order makan lewat online :('"
2021-10-21 08:13:51+00:00,"b'Guis baru pertama kali self pick up, untung ada bapak driver shopeefood baik ngasih tau harus ke kasir dulu. Terus diajak ngobrol ngobrol, waktu bapaknya pulang duluan pamitan juga. Lain kali pengen deh self pick up lg lebih seruuu https://t.co/MR5LnCxAFp'"
2021-10-21 08:11:01+00:00,"b'@vantaefrdx di shopeefood! promonya macem-macem, ada yang satu ada juga yang dua gini. nah nanti kamu klaim gratis ongkir sama diskon 100% lagi biar nambah banyak promonya \xf0\x9f\x98\x9a https://t.co/CMdbtEtKSr'"
2021-10-21 08:05:10+00:00,b'Udah klik shopeefood terus ujan...\xf0\x9f\xa5\xb2'
2021-10-21 07:58:46+00:00,b'shopeefood kapan bisa sih'
2021-10-21 07:54:03+00:00,b'@canavarissaa ya ampun di sini belom ada aja shopeefood :('
2021-10-21 07:53:01+00:00,"b'@forkyhours @yunseongtampan @FOODFESS2 beli lsg bisa, gojek ada, shopeefood ada'"
2021-10-21 07:50:39+00:00,b'Makanan di shopeefood yg enak buat buka puasa kira kira apaan?\xf0\x9f\x98\xad\xf0\x9f\x98\xad'
2021-10-21 07:47:18+00:00,"b'di grabfood juga dan di shopeefood juga, masasih tutup anjir mcd'"
2021-10-21 07:44:15+00:00,b'Kenapa coba kfc gak ada di shopeefood whyyyy'
2021-10-21 07:38:22+00:00,"b'tolong bantu up lagi perilaku dari Driver Shopee Food ini, agar segera tertangkap. Lokasi kejadian di Depok, semoga pelaku segera tertangkap. \n@ShopeeID\n \n@shopeefood_id\n #ShopeeFood #drivershopeefood Norak https://t.co/NzU2Kkohhj'"
2021-10-21 07:37:29+00:00,"b'@RacunBelanja Numpang ya kak\xf0\x9f\x99\x8f\nHaii.. Kamu yg di bekasi, pesan makanan di @masgitel yuk. Ada aneka ricebowl &amp; snack yummy dgn harga terjangkau dan promo lho.\nCek aplikasi gofood,grabfood, shopeefood &amp; travelokaeats kalian dan pilih menunya ya\n\xf0\x9f\x91\x87\nhttps://t.co/daNCL5vB55\n\xf0\x9f\x8d\x9a\xf0\x9f\x8d\x9a\xf0\x9f\x99\x8f https://t.co/a3iTD1fGNp'"
2021-10-21 07:36:22+00:00,"b'@plumbinq @mazzini_gsp \xf0\x9f\xa4\xa3\xf0\x9f\xa4\xa3\xf0\x9f\xa4\xa3\xf0\x9f\x91\x8c\xf0\x9f\x8f\xbb\n\nSenja nitip lapak jualan Senja : Ricebox Wagyu, available di Jakarta dsk, bisa dipesan via GoFood/GrabFood/ShopeeFood (search : senjayummy). https://t.co/Mcig4JiZtB'"
2021-10-21 07:30:32+00:00,b'@shopeefood_id Pengajuan shoppefood partner tidak ada kejelasan sejak juni 2021'
2021-10-21 07:24:56+00:00,"b'Btw lethcy tea 42rebu\xf0\x9f\x98\xad segede apa gelasnya kalau ramping yaallah mahal jg yha dah paling bener first date itu street food like sate padang atau seblak, atau apa ya jangan dimention smua ntar abis ini shopeefood'"
2021-10-21 07:23:24+00:00,"b'syg! yang pernah order sbux via SHOPEEfood, itu ada whipped creamnya gasi?'"
2021-10-21 07:23:19+00:00,b'@zocityx Tempatku ada McD sama shopeefood tpi \xf0\x9f\xa4\xb8'
2021-10-21 07:18:10+00:00,b'@carnasterion Di shopeefood adanya disc 18rb yaa'
2021-10-21 07:15:53+00:00,"b'Kalian tim yang mana? \n\n\xf0\x9f\x94\x81Pilih menu dulu, baru top-up saldo \n\xe2\x9d\xa4\xef\xb8\x8fTop-up saldo dulu, baru pesen makan'"
2021-10-21 07:15:04+00:00,b'capek banget ni hp tua berulah mulu padahal gue lagi order shopeefood anjirrrrrr malah re-install sendiri \xf0\x9f\x98\xa9 https://t.co/HFzon1K5uc'
2021-10-21 07:14:38+00:00,"b""tadi pesen shopeefood, trs gak punya cash buat tips abangnya, ku bikinin es kopi susu lah. di botol kemasan 250ml gitu. trs mama nanya. 'buat siapa ka?' \n'mas shopee ma.' \n'trs? ngasih kopi doang gt?' \n'ya gimana gaada cash??'\ngak lama mama ngasi uang 10k. \n'nih ka, kasih masnya'"""
2021-10-21 06:55:19+00:00,"b'@ShopeePay_ID salah min, pergi jajannya pake shopeefood \xf0\x9f\x98\x82 https://t.co/XpJmS25BQr'"
2021-10-21 06:45:42+00:00,"b'dari tadi scroll menu shopeefood ga beres2, bingung mau mesen apaan shshhs'"
2021-10-21 06:43:33+00:00,b'@Rkdekslak @ardinatp @usaputro @airinque92 @idabagusreza Oh ya kalo shopeefood ada restaurant fee juga'
2021-10-21 06:26:35+00:00,b'shopeefood paling enak itu dibeliin'
2021-10-21 06:22:09+00:00,b'Pernah naik Maxim\nAbangnya pake jaket grab\nHelmnya gojek\nGue dapet helm shopeefood https://t.co/QZGtI7ggYt'
2021-10-21 06:11:53+00:00,b'KOPI KENANGAN Promo DISKON hingga 40% Dengan Pembayaran Menggunakan SHOPEEPAY dan Pemesanan via SHOPEEFOOD https://t.co/VJ81QDhZQT'
2021-10-21 06:07:06+00:00,"b'Diet emang paling bener kalau di kos \nMau ambil makan ke bawah males, mau pesen shopeefood malah scroll yg lain \xf0\x9f\xa4\xa3'"
2021-10-21 06:06:41+00:00,b'@shopeefood_id kak tolongin temen saya kasian gabisa makan tau \xf0\x9f\xa4\xa3\xf0\x9f\xa5\xb2'
2021-10-21 06:06:04+00:00,"b'drtd scroll shopeefood gak nemu2 mau makan apa :"")'"
2021-10-21 06:03:20+00:00,b'@KalishaRensi blom nih msi nunggu shopeefood'
2021-10-21 05:56:33+00:00,"b'@arrasyyyy Dom ku jangankan shopeefood, grabfood aja gak ada \xf0\x9f\x98\xad'"
2021-10-21 05:56:05+00:00,b'Haaaa dah ada di Shopeefood. Mehlah try. https://t.co/zuVB7Bt1Ok'
2021-10-21 05:38:52+00:00,b'mau jajan di shopeefood trus kurang 3rb :) ya Allah nangis ajalah males topup lg'
2021-10-21 05:38:03+00:00,b'@milleeunje Ini shopeefood ya teh? Btw selamat makan hehe\xf0\x9f\x99\x86\xf0\x9f\x8f\xbb\xe2\x80\x8d\xe2\x99\x80\xef\xb8\x8f'
2021-10-21 05:35:53+00:00,b'Seru juga pesen di shopeefood\xf0\x9f\x98\x86\nAyo coba reply yg dom nya masuk list di bawah ini \xf0\x9f\xa4\x94 https://t.co/dxFtxGnZVc'
2021-10-21 05:29:59+00:00,b'Need voucher shopeefood disc 100% min blnja 0 siapa tau ada yg punya \xf0\x9f\xa5\xb2 #zonauang #zonajubel'
2021-10-21 05:28:24+00:00,b'rekomen makanan di grab/shopeefood dongg yg di jakarta barat/pusat gtt'
